muci,museum,city_new
muci_1,ARoS Aarhus Kunstmuseum,Aarhus
muci_2,Louvre Abu Dhabi,Abu Dhabi
muci_3,Art Gallery of South Australia,Adelaide
muci_4,Rijksmuseum,Amsterdam
muci_5,Van Gogh Museum,Amsterdam
muci_6,Stedelijk Museum,Amsterdam
muci_7,Acropolis Museum,Athens
muci_8,CaixaForum Barcelona,Barcelona
muci_9,Museu Picasso,Barcelona
muci_10,Museu Nacional d'Art de Catalunya (MNAC),Barcelona
muci_11,Fondation Beyeler,Basel
muci_12,National Museum of China,Beijing
muci_13,UCCA Center for Contemporary Art,Beijing
muci_14,Centro Cultural Banco do Brasil,Belo Horizonte
muci_15,Crystal Bridges Museum of American Art,Bentonville
muci_16,Deutsches Historisches Museum,Berlin
muci_17,Humboldt Forum,Berlin
muci_18,Pergamonmuseum,Berlin
muci_19,Guggenheim,Bilbao
muci_20,Guggenheim Museum Bilbao,Bilbao
muci_21,Museum of Fine Arts,Boston
muci_22,"Museum of Fine Arts (MFA), Boston",Boston
muci_23,Museum of Fine Arts (MFA Boston),Boston
muci_24,Museum of Fine Arts Boston,Boston
muci_25,Gallery of Modern Art (GOMA),Brisbane
muci_26,Queensland Art Gallery (QAG),Brisbane
muci_27,Gallery of Modern Art,Brisbane
muci_28,Queensland Art Gallery,Brisbane
muci_29,Musées Royaux des Beaux-Arts,Brussels
muci_30,Musées Royaux des Beaux-Arts de Belgique,Brussels
muci_31,Museum of Fine Arts,Budapest
muci_32,National Portrait Gallery,Canberra
muci_33,National Gallery of Australia,Canberra
muci_34,Art Institute of Chicago,Chicago
muci_35,Christchurch Art Gallery Te Puna o Waiwhet≈´,Christchurch
muci_36,Cleveland Museum of Art,Cleveland
muci_37,National Gallery of Denmark,Copenhagen
muci_38,Daegu National Museum,Daegu
muci_39,Denver Art Museum,Denver
muci_40,Residenzschloss,Dresden
muci_41,National Gallery of Ireland,Dublin
muci_42,National Museum of Scotland,Edinburgh
muci_43,Scottish National Gallery,Edinburgh
muci_44,National Galleries Scotland: National,Edinburgh
muci_45,Dali Theatre-Museum,Figueres
muci_46,Gallerie degli Uffizi,Florence
muci_47,Galleria dell'Accademia di Firenze,Florence
muci_48,Galleria degli Uffizi,Florence
muci_49,Galleria dell'Accademia,Florence
muci_50,Palazzo Pitti,Florence
muci_51,Giardino di Boboli,Florence
muci_52,Städel Museum,Frankfurt
muci_53,Fondation Claude Monet,Giverny
muci_54,Fondation Monet,Giverny
muci_55,Kelvingrove Art Gallery and Museum,Glasgow
muci_56,Frederik Meijer Gardens & Sculpture Park,Grand Rapids
muci_57,MMCA Gwacheon,Gwacheon
muci_58,Gyeongju National Museum,Gyeongju
muci_59,Hong Kong Museum of Art,Hong Kong
muci_60,M+,Hong Kong
muci_61,Hong Kong Palace Museum,Hong Kong
muci_62,Hong Kong Heritage Museum,Hong Kong
muci_63,Museum of Fine Arts,Houston
muci_64,"Museum of Fine Arts, Houston",Houston
muci_65,Louisiana Museum of Modern Art,Humlebaek
muci_66,Iksan National Museum,Iksan
muci_67,Istanbul Museum of Modern Art,Istanbul
muci_68,Israel Museum,Jerusalem
muci_69,21st Century Museum of Contemporary Art,Kanazawa
muci_70,21st century Museum of Contemporary Art,Kanazawa
muci_71,The Nelson-Atkins Museum of Art,Kansas City
muci_72,National Museum in Krakow,Krakow
muci_73,National Museum,Krakow
muci_74,Royal Wawel Castle,Krakow
muci_75,Wawel Royal Castle,Krakow
muci_76,Museu Coleção Berardo,Lisbon
muci_77,World Museum,Liverpool
muci_78,"World Museum, Liverpool",Liverpool
muci_79,Tate Modern,London
muci_80,British Museum,London
muci_81,National Gallery,London
muci_82,Victoria and Albert Museum,London
muci_83,Somerset House,London
muci_84,Tate Britain,London
muci_85,Royal Academy of Arts,London
muci_86,Saatchi Gallery,London
muci_87,National Portrait Gallery,London
muci_88,Imperial War Museum,London
muci_89,"National Portrait Gallery, London",London
muci_90,"Imperial War Museum, London",London
muci_91,Getty Center,Los Angeles
muci_92,Los Angeles County Museum of Art,Los Angeles
muci_93,Los Angeles County Museum of Art (Lacma),Los Angeles
muci_94,The Broad,Los Angeles
muci_95,J. Paul Getty Museum (Getty Center),Los Angeles
muci_96,Museo Reina Sofía,Madrid
muci_97,Museo Nacional del Prado,Madrid
muci_98,Museo Thyssen-Bornemisza,Madrid
muci_99,Reina Sofia,Madrid
muci_100,CaixaForum,Madrid
muci_101,Palacio de Cristal (Reina Sofia),Madrid
muci_102,Reina Sofia (main site),Madrid
muci_103,Museo Nacional Thyssen-Bornemisza,Madrid
muci_104,CaixaForum Madrid,Madrid
muci_105,Reina Sofia: Main site,Madrid
muci_106,"CaixaForum Madrid, Fundacion La Caixa",Madrid
muci_107,Museo Picasso Malaga,Malaga
muci_108,Museo Picasso Málaga,Malaga
muci_109,Mucem,Marseille
muci_110,mucem,Marseille
muci_111,Mucem - Musée des civilisations de l'Europe et de la Méditerranée,Marseille
muci_112,NGV International,Melbourne
muci_113,The Ian Potter Centre: NGV Australia,Melbourne
muci_114,National Gallery of Victoria,Melbourne
muci_115,Museo Soumaya,Mexico City
muci_116,Museo Nacional de Antropología,Mexico City
muci_117,"Museo del Palacio de Bellas Artes, Mexico City",Mexico City
muci_118,Palazzo Reale,Milan
muci_119,Triennale di Milano,Milan
muci_120,Triennale Milano,Milan
muci_121,Montreal Museum of Fine Arts,Montreal
muci_122,State Tretyakov Gallery,Moscow
muci_123,Pushkin Museum,Moscow
muci_124,Moscow Kremlin Museums,Moscow
muci_125,Garage Museum,Moscow
muci_126,Multimedia Art Museum,Moscow
muci_127,State Pushkin Museum of Fine Arts,Moscow
muci_128,Garage Museum of Contemporary Art,Moscow
muci_129,Contemporary Art Center Winzavod,Moscow
muci_130,GES-2 House of Culture,Moscow
muci_131,Metropolitan Museum of Art,New York
muci_132,Museum of Modern Art,New York
muci_133,Whitney Museum,New York
muci_134,Museum of Modern Art (MoMA),New York
muci_135,Whitney Museum of American Art,New York
muci_136,Solomon R. Guggenheim Museum,New York
muci_137,Metropolitan Museum of Art (Fifth Avenue),New York
muci_138,National Museum of Art,Osaka
muci_139,Munchmuseet,Oslo
muci_140,Nasjonalmuseet,Oslo
muci_141,Ashmolean Museum,Oxford
muci_142,Musée du Louvre,Paris
muci_143,Centre Pompidou,Paris
muci_144,Musée d’Orsay,Paris
muci_145,Musée du Quai Branly,Paris
muci_146,Grand Palais,Paris
muci_147,Fondation Louis Vuitton,Paris
muci_148,Musée d'Orsay,Paris
muci_149,Petit Palais,Paris
muci_150,Bourse de Commerce-Pinault Collection,Paris
muci_151,Musée des Arts Décoratifs,Paris
muci_152,Musée de l'Orangerie,Paris
muci_153,Palais de Tokyo,Paris
muci_154,Musée d'Art Moderne de Paris,Paris
muci_155,Philadelphia Museum of Art,Philadelphia
muci_156,Museu de Serralves,Porto
muci_157,National Gallery Prague,Prague
muci_158,Virginia Museum of Fine Arts,Richmond
muci_159,Centro Cultural Banco do Brasil,Rio de Janeiro
muci_160,M. H. de Young Museum,San Francisco
muci_161,de Young Museum,San Francisco
muci_162,Huntington Library,San Marino
muci_163,The Huntington,San Marino
muci_164,"The Huntington Library, Art Museum, and Botanical Gardens",San Marino
muci_165,National Museum of Korea,Seoul
muci_166,National Museum of Modern and Contemporary Art (MMCA),Seoul
muci_167,MMCA Seoul,Seoul
muci_168,MMCA Deoksugung,Seoul
muci_169,National Museum of Korea Seoul,Seoul
muci_170,National Folk Museum of Korea,Seoul
muci_171,Shanghai Museum,Shanghai
muci_172,West Bund Art Museum,Shanghai
muci_173,Pudong Museum of Art,Shanghai
muci_174,Shanghai Museum East,Shanghai
muci_175,Shanghai Museum on People's Square,Shanghai
muci_176,National Gallery,Singapore
muci_177,National Gallery Singapore,Singapore
muci_178,Saint Louis Art Museum,St Louis
muci_179,State Russian Museum,St Petersburg
muci_180,State Hermitage,St Petersburg
muci_181,Fabergé Museum,St Petersburg
muci_182,State Hermitage Museum,St Petersburg
muci_183,Faberge Museum,St Petersburg
muci_184,Art Gallery of New South Wales,Sydney
muci_185,MCA Australia,Sydney
muci_186,Museum of Contemporary Art Australia,Sydney
muci_187,Instituto Tomie Ohtake,São Paulo
muci_188,Pinacoteca de São Paulo,São Paulo
muci_189,Centro Cultural Banco do Brasil,São Paulo
muci_190,National Palace Museum,Taipei
muci_191,Tel Aviv Museum of Art,Tel Aviv
muci_192,Tokyo National Museum,Tokyo
muci_193,National Museum of Western Art,Tokyo
muci_194,Tokyo Metropolitan Art Museum,Tokyo
muci_195,National Art Center,Tokyo
muci_196,National Art Center Tokyo,Tokyo
muci_197,National Museum of Modern Art,Tokyo
muci_198,National Museum of Modern Art (MOMAT),Tokyo
muci_199,teamLab Planets TOKYO,Tokyo
muci_200,teamLab Borderless: MORI Building,Tokyo
muci_201,Art Gallery of Ontario,Toronto
muci_202,Royal Ontario Museum (ROM),Toronto
muci_203,Royal Ontario Museum,Toronto
muci_204,Museo Egizio,Turin
muci_205,CaixaForum València,València
muci_206,Vatican Museums,Vatican City
muci_207,Palazzo Ducale,Venice
muci_208,Kunsthistorisches Museum,Vienna
muci_209,Albertina,Vienna
muci_210,Upper Belvedere,Vienna
muci_211,Yorkshire Sculpture Park,Wakefield
muci_212,Royal Castle,Warsaw
muci_213,"Royal Castle, Warsaw",Warsaw
muci_214,"National Museum, Warsaw",Warsaw
muci_215,National Gallery of Art,"Washington, DC"
muci_216,National Portrait Gallery,"Washington, DC"
muci_217,Smithsonian American Art Museum (SAAM) main building,"Washington, DC"
muci_218,National Museum of African American History and Culture,"Washington, DC"
muci_219,Smithsonian American Art Museum,"Washington, DC"
muci_220,National Portrait Gallery / Smithsonian American Art Museum,"Washington, DC"
muci_221,National Portrait Gallery / Smithsonian American Art Museum (SAAM),"Washington, DC"
muci_222,National Museum of the American Indian,"Washington, DC"
muci_223,Smithsonian American Art Museum (SAAM),"Washington, DC"
muci_224,Museum of New Zealand Te Papa Tongarewa,Wellington
muci_225,Kunsthaus Zürich,Zurich
