an_entry_id,an_person_id,clctr_name,is_couple
ACE4,APE4a,James Alsdorf,1
ACE4,APE4b,Marilyn Alsdorf,1
ACE7,APE7a,Harry W. and Mary Margaret Anderson,1
ACE7,APE7b,Harry W. and Mary Margaret Anderson,1
ACE17,APE17a,Barry and Gail Berkus,1
ACE17,APE17b,Barry and Gail Berkus,1
ACE21,APE21a,Nellie and Carlos Pedro Blaquier,1
ACE21,APE21b,Nellie and Carlos Pedro Blaquier,1
ACE23,APE23a,Marion and Henry W. Bloch,1
ACE23,APE23b,Marion and Henry W. Bloch,1
ACE24,APE24a,George and Mary Bloch,1
ACE24,APE24b,George and Mary Bloch,1
ACE25,APE25a,Eric and Silvie Boissonnas,1
ACE25,APE25b,Eric and Silvie Boissonnas,1
ACE28,APE28a,Marcel and Gisèle Boulois,1
ACE28,APE28b,Marcel and Gisèle Boulois,1
ACE30,APE30a,Irma and Norman Braman,1
ACE30,APE30b,Irma and Norman Braman,1
ACE32,APE32a,Edythe L. and Eli Broad,1
ACE32,APE32b,Edythe L. and Eli Broad,1
ACE41,APE41a,Patricia Phelps de Cisneros and Gustavo A. Cisneros,1
ACE41,APE41b,Patricia Phelps de Cisneros and Gustavo A. Cisneros,1
ACE46,APE46a,Werner and Elaine Dannheisser,1
ACE46,APE46b,Werner and Elaine Dannheisser,1
ACE48,APE48a,Thomas and Francis Dittmer,1
ACE48,APE48b,Thomas and Francis Dittmer,1
ACE50,APE50a,Denyse and Philippe Durand-Ruel,1
ACE50,APE50b,Denyse and Philippe Durand-Ruel,1
ACE52,APE52a,Stefan T. Edlis and Gael Neeson,1
ACE52,APE52b,Stefan T. Edlis and Gael Neeson,1
ACE61,APE61a,"Jo Ann and Julian Ganz, Jr.",1
ACE61,APE61b,"Jo Ann and Julian Ganz, Jr.",1
ACE64,APE64a,Beatrice and Philip Gersh,1
ACE64,APE64b,Beatrice and Philip Gersh,1
ACE67,APE67a,Carol and Arthur Goldberg,1
ACE67,APE67b,Carol and Arthur Goldberg,1
ACE73,APE73a,Marie and Hugh Halff,1
ACE73,APE73b,Marie and Hugh Halff,1
ACE77,APE77a,Bette and Neison Harris,1
ACE77,APE77b,Bette and Neison Harris,1
ACE79,APE79a,Annick and Anton Herbert,1
ACE79,APE79b,Annick and Anton Herbert,1
ACE81,APE81a,William and Anne Hokin,1
ACE81,APE81b,William and Anne Hokin,1
ACE82,APE82a,Margaret and Raymond Horowitz,1
ACE82,APE82b,Margaret and Raymond Horowitz,1
ACE92,APE92a,George and Linda Kaufman,1
ACE92,APE92b,George and Linda Kaufman,1
ACE93,APE93a,Ann and Gilbert H. Kinney,1
ACE93,APE93b,Ann and Gilbert H. Kinney,1
ACE97,APE97a,Henry R. Kravis and Carolyne Roehm,1
ACE97,APE97b,Henry R. Kravis and Carolyne Roehm,1
ACE109,APE109a,Linda and Harry Macklowe,1
ACE109,APE109b,Linda and Harry Macklowe,1
ACE110,APE110a,Susan and Lewis Manilow,1
ACE110,APE110b,Susan and Lewis Manilow,1
ACE120,APE120a,Paul and Rachel Mellon,1
ACE120,APE120b,Paul and Rachel Mellon,1
ACE127,APE127a,Jane and Robert Meyerhoff,1
ACE127,APE127b,Jane and Robert Meyerhoff,1
ACE128,APE128a,Robert and Adrian Mnuchin,1
ACE128,APE128b,Robert and Adrian Mnuchin,1
ACE135,APE135a,Eileen and Peter Norton,1
ACE135,APE135b,Eileen and Peter Norton,1
ACE140,APE140a,Paul and Camille Oliver-Hoffmann,1
ACE140,APE140b,Paul and Camille Oliver-Hoffmann,1
ACE148,APE148a,Etsuko and Joe D. Price,1
ACE148,APE148b,Etsuko and Joe D. Price,1
ACE158,APE158a,Sir Robert and Lady Sainsbury,1
ACE158,APE158b,Sir Robert and Lady Sainsbury,1
ACE161,APE161a,Denise and Andrew M. Saul,1
ACE161,APE161b,Denise and Andrew M. Saul,1
ACE164,APE164a,Eugene and Barbara Schwartz,1
ACE164,APE164b,Eugene and Barbara Schwartz,1
ACE165,APE165a,Joel and Anne Seydoux,1
ACE165,APE165b,Joel and Anne Seydoux,1
ACE170,APE170a,Nathan and Marion Smooke,1
ACE170,APE170b,Nathan and Marion Smooke,1
ACE171,APE171a,Victor and Loti Smorgon,1
ACE171,APE171b,Victor and Loti Smorgon,1
ACE174,APE174a,Emily and Jerry Spiegel,1
ACE174,APE174b,Emily and Jerry Spiegel,1
ACE176,APE176a,Saul and Gayfryd Steinberg,1
ACE176,APE176b,Saul and Gayfryd Steinberg,1
ACE186,APE186a,Baroness Carmen and Baron Hans Heinrich Thyssen-Bornemisza,1
ACE186,APE186b,Baroness Carmen and Baron Hans Heinrich Thyssen-Bornemisza,1
ACE190,APE190a,Dorothy and Herbert Vogel,1
ACE190,APE190b,Dorothy and Herbert Vogel,1
ACE198,APE198a,Virginia and Bagley Wright,1
ACE198,APE198b,Virginia and Bagley Wright,1
ACE202,APE202a,B. Gerald and Iris Cantor,1
ACE202,APE202b,B. Gerald and Iris Cantor,1
ACE203,APE203a,Marshall S. and Maureen Cogan,1
ACE203,APE203b,Marshall S. and Maureen Cogan,1
ACE204,APE204a,Hélène and Michel Alexandre David-Weill,1
ACE204,APE204b,Hélène and Michel Alexandre David-Weill,1
ACE218,APE218a,Victoria and Samuel I. Newhouse Jr.,1
ACE218,APE218b,Victoria and Samuel I. Newhouse Jr.,1
ACE222,APE222a,Marianne and Alan Schwartz,1
ACE222,APE222b,Marianne and Alan Schwartz,1
ACE225,APE225a,Stuart and Judy Spence,1
ACE225,APE225b,Stuart and Judy Spence,1
ACE233,APE233a,Hartmut and Silvia Ackermeier,1
ACE233,APE233b,Hartmut and Silvia Ackermeier,1
ACE238,APE238a,Nelson Blitz Jr. and Catherine Woodard,1
ACE238,APE238b,Nelson Blitz Jr. and Catherine Woodard,1
ACE239,APE239a,Janet and Gilbert de Botton,1
ACE239,APE239b,Janet and Gilbert de Botton,1
ACE240,APE240a,Gérard and Anne-Marie Boulois,1
ACE240,APE240b,Gérard and Anne-Marie Boulois,1
ACE241,APE241a,Edward and Hannah Carter,1
ACE241,APE241b,Edward and Hannah Carter,1
ACE244,APE244a,Marvin and Janet Fishman,1
ACE244,APE244b,Marvin and Janet Fishman,1
ACE245,APE245a,Marie-Françoise and Gilles Fuchs,1
ACE245,APE245b,Marie-Françoise and Gilles Fuchs,1
ACE247,APE247a,Jacques and Marta Hachuel,1
ACE247,APE247b,Jacques and Marta Hachuel,1
ACE249,APE249a,Jean Christophe and Nicole Julian,1
ACE249,APE249b,Jean Christophe and Nicole Julian,1
ACE252,APE252a,Richard and Barbara Lane,1
ACE252,APE252b,Richard and Barbara Lane,1
ACE256,APE256a,Jan and Frederick Mayer,1
ACE256,APE256b,Jan and Frederick Mayer,1
ACE262,APE262a,Betty and Isaac Rudman,1
ACE262,APE262b,Betty and Isaac Rudman,1
ACE270,APE270a,Thurston and Laila Twigg-Smith,1
ACE270,APE270b,Thurston and Laila Twigg-Smith,1
ACE271,APE271a,Carl and Carin Vogel,1
ACE271,APE271b,Carl and Carin Vogel,1
ACE273,APE273a,John and Charlotte Weber,1
ACE273,APE273b,John and Charlotte Weber,1
ACE274,APE274a,Leon Levy and Shelby White,1
ACE274,APE274b,Leon Levy and Shelby White,1
ACE277,APE277a,Frits and Agnes Becht,1
ACE277,APE277b,Frits and Agnes Becht,1
ACE278,APE278a,Marchesa Marida and Marchese Annibale Berlingieri,1
ACE278,APE278b,Marchesa Marida and Marchese Annibale Berlingieri,1
ACE281,APE281a,Miguel Angel and Magaly Capriles,1
ACE281,APE281b,Miguel Angel and Magaly Capriles,1
ACE286,APE286a,Doris and Donald Fisher,1
ACE286,APE286b,Doris and Donald Fisher,1
ACE287,APE287a,Franz Josef and Hans van der Grinten,1
ACE287,APE287b,Franz Josef and Hans van der Grinten,1
ACE290,APE290a,Rolf and Erika Hoffman,1
ACE290,APE290b,Rolf and Erika Hoffman,1
ACE291,APE291a,David and Audrey Mirvish,1
ACE291,APE291b,David and Audrey Mirvish,1
ACE295,APE295a,Marie-Thérèse and Alain-Dominique Perrin,1
ACE295,APE295b,Marie-Thérèse and Alain-Dominique Perrin,1
ACE296,APE296a,Jesús de Polanco and Mariluz Barreiros,1
ACE296,APE296b,Jesús de Polanco and Mariluz Barreiros,1
ACE297,APE297a,Véronique and Louis-Antoine Prat,1
ACE297,APE297b,Véronique and Louis-Antoine Prat,1
ACE298,APE298a,David and Peggy Rockefeller,1
ACE298,APE298b,David and Peggy Rockefeller,1
ACE299,APE299a,Mera and Donald Rubell,1
ACE299,APE299b,Mera and Donald Rubell,1
ACE304,APE304a,Joey and Toby Tanenbaum,1
ACE304,APE304b,Joey and Toby Tanenbaum,1
ACE305,APE305a,Daniel and Judith Terra,1
ACE305,APE305b,Daniel and Judith Terra,1
ACE308,APE308a,Reba and Dave H. Williams,1
ACE308,APE308b,Reba and Dave H. Williams,1
ACE309,APE309a,George and Maida Abrams,1
ACE309,APE309b,George and Maida Abrams,1
ACE311,APE311a,Monique and Jean Paul Barbier-Mueller,1
ACE311,APE311b,Monique and Jean Paul Barbier-Mueller,1
ACE313,APE313a,Vivian and David Campbell,1
ACE313,APE313b,Vivian and David Campbell,1
ACE320,APE320a,Carrie and Robert Lehrman,1
ACE320,APE320b,Carrie and Robert Lehrman,1
ACE321,APE321a,Ann and Ron Pizzuti,1
ACE321,APE321b,Ann and Ron Pizzuti,1
ACE322,APE322a,John and Kimiko Powers,1
ACE322,APE322b,John and Kimiko Powers,1
ACE323,APE323a,Lila and Gilbert B. Silverman,1
ACE323,APE323b,Lila and Gilbert B. Silverman,1
ACE325,APE325a,Maria Nieves Noriega de Autrey and Sergio Autrey,1
ACE325,APE325b,Maria Nieves Noriega de Autrey and Sergio Autrey,1
ACE326,APE326a,David and Frederick Barclay,1
ACE326,APE326b,David and Frederick Barclay,1
ACE327,APE327a,Clyde and Karin Beswick,1
ACE327,APE327b,Clyde and Karin Beswick,1
ACE328,APE328a,John and Frances Garland Bowes,1
ACE328,APE328b,John and Frances Garland Bowes,1
ACE329,APE329a,Rosa and Carlos de la Cruz,1
ACE329,APE329b,Rosa and Carlos de la Cruz,1
ACE330,APE330a,Kenneth and Judy Dayton,1
ACE330,APE330b,Kenneth and Judy Dayton,1
ACE331,APE331a,Anne and Joel S. Ehrenkranz,1
ACE331,APE331b,Anne and Joel S. Ehrenkranz,1
ACE333,APE333a,Anna and Josef Froehlich,1
ACE333,APE333b,Anna and Josef Froehlich,1
ACE335,APE335a,Marsha and Jay Glazer,1
ACE335,APE335b,Marsha and Jay Glazer,1
ACE336,APE336a,Martine and Didier Guichard,1
ACE336,APE336b,Martine and Didier Guichard,1
ACE339,APE339a,Michal and Renata Hornstein,1
ACE339,APE339b,Michal and Renata Hornstein,1
ACE340,APE340a,Morton L. and Linda Janklow,1
ACE340,APE340b,Morton L. and Linda Janklow,1
ACE343,APE343a,Barbara and Jon Landau,1
ACE343,APE343b,Barbara and Jon Landau,1
ACE344,APE344a,Thomas H. Lee and Ann Tenenbaum,1
ACE344,APE344b,Thomas H. Lee and Ann Tenenbaum,1
ACE345,APE345a,Peter and Irene Ludwig,1
ACE345,APE345b,Peter and Irene Ludwig,1
ACE346,APE346a,Ida and Achille Maramotti,1
ACE346,APE346b,Ida and Achille Maramotti,1
ACE347,APE347a,Michael and Judy Ovitz,1
ACE347,APE347b,Michael and Judy Ovitz,1
ACE352,APE352a,Ida and Pieter Sanders,1
ACE352,APE352b,Ida and Pieter Sanders,1
ACE353,APE353a,Kim Richter Shirley and Jon Shirley,1
ACE353,APE353b,Kim Richter Shirley and Jon Shirley,1
ACE355,APE355a,Blema and Arnold Steinberg,1
ACE355,APE355b,Blema and Arnold Steinberg,1
ACE356,APE356a,Eleonore and Michael Stoffel,1
ACE356,APE356b,Eleonore and Michael Stoffel,1
ACE357,APE357a,Norah and Norman Stone,1
ACE357,APE357b,Norah and Norman Stone,1
ACE358,APE358a,Kenneth and Marilyn Thomson,1
ACE358,APE358b,Kenneth and Marilyn Thomson,1
ACE362,APE362a,Thomas and Cristina Bechtler,1
ACE362,APE362b,Thomas and Cristina Bechtler,1
ACE366,APE366a,Joseph Goldyne and Deborah Sperry Goldyne,1
ACE366,APE366b,Joseph Goldyne and Deborah Sperry Goldyne,1
ACE371,APE371a,Richard and Pamela Kramlich,1
ACE371,APE371b,Richard and Pamela Kramlich,1
ACE372,APE372a,Baroness Marion and Baron Philippe Lambert,1
ACE372,APE372b,Baroness Marion and Baron Philippe Lambert,1
ACE375,APE375a,George and Lee Ann Roberts,1
ACE375,APE375b,George and Lee Ann Roberts,1
ACE379,APE379a,Donna and Howard S. Stone,1
ACE379,APE379b,Donna and Howard S. Stone,1
ACE385,APE385a,Debra and Leon Black,1
ACE385,APE385b,Debra and Leon Black,1
ACE387,APE387a,David Bowie and Iman,1
ACE387,APE387b,David Bowie and Iman,1
ACE397,APE397a,"Bebe and R. Crosby Kemper, Jr.",1
ACE397,APE397b,"Bebe and R. Crosby Kemper, Jr.",1
ACE401,APE401a,Elisabeth and Rudolf Leopold,1
ACE401,APE401b,Elisabeth and Rudolf Leopold,1
ACE405,APE405a,Masula and Harry Mannil,1
ACE405,APE405b,Masula and Harry Mannil,1
ACE407,APE407a,Gabrielle and Werner Merzbacher,1
ACE407,APE407b,Gabrielle and Werner Merzbacher,1
ACE415,APE415a,Charles and Jayne Wrightsman,1
ACE415,APE415b,Charles and Jayne Wrightsman,1
ACE418,APE418a,Anette and Udo Brandhorst,1
ACE418,APE418b,Anette and Udo Brandhorst,1
ACE427,APE427a,Mimi and Peter Haas,1
ACE427,APE427b,Mimi and Peter Haas,1
ACE431,APE431a,Renata and Michal Hornstein,1
ACE431,APE431b,Renata and Michal Hornstein,1
ACE433,APE433a,Elsa and Theo Hotz,1
ACE433,APE433b,Elsa and Theo Hotz,1
ACE435,APE435a,Evelyn and Leonard Lauder,1
ACE435,APE435b,Evelyn and Leonard Lauder,1
ACE436,APE436a,Jo Carole and Ronald S. Lauder,1
ACE436,APE436b,Jo Carole and Ronald S. Lauder,1
ACE437,APE437a,Vicki and Kent Logan,1
ACE437,APE437b,Vicki and Kent Logan,1
ACE439,APE439a,Rachel and Paul Mellon,1
ACE439,APE439b,Rachel and Paul Mellon,1
ACE444,APE444a,Judy and Michael Ovitz,1
ACE444,APE444b,Judy and Michael Ovitz,1
ACE445,APE445a,Mary and John Pappajohn,1
ACE445,APE445b,Mary and John Pappajohn,1
ACE450,APE450a,Helen and Charles Schwab,1
ACE450,APE450b,Helen and Charles Schwab,1
ACE451,APE451a,Anna Marie and Robert Shapiro,1
ACE451,APE451b,Anna Marie and Robert Shapiro,1
ACE452,APE452a,Mary and Jon Shirley,1
ACE452,APE452b,Mary and Jon Shirley,1
ACE453,APE453a,Jerry I. Speyer and Katherine G. Farley,1
ACE453,APE453b,Jerry I. Speyer and Katherine G. Farley,1
ACE454,APE454a,Dorie and Paul Sternberg,1
ACE454,APE454b,Dorie and Paul Sternberg,1
ACE456,APE456a,Toby and Joey Tanenbaum,1
ACE456,APE456b,Toby and Joey Tanenbaum,1
ACE459,APE459a,Nora and Guy Barron,1
ACE459,APE459b,Nora and Guy Barron,1
ACE460,APE460a,Cristina and Thomas W. Bechtler-Lanfranconi,1
ACE460,APE460b,Cristina and Thomas W. Bechtler-Lanfranconi,1
ACE461,APE461a,Barbara and Donald L. Bryant Jr.,1
ACE461,APE461b,Barbara and Donald L. Bryant Jr.,1
ACE462,APE462a,Jane and David Davis,1
ACE462,APE462b,Jane and David Davis,1
ACE463,APE463a,Pamela and Barney A. Ebsworth,1
ACE463,APE463b,Pamela and Barney A. Ebsworth,1
ACE466,APE466a,Elizabeth and Richard Hedreen,1
ACE466,APE466b,Elizabeth and Richard Hedreen,1
ACE467,APE467a,Ronnie and Samuel Heyman,1
ACE467,APE467b,Ronnie and Samuel Heyman,1
ACE469,APE469a,Pamela and Richard Kramlich,1
ACE469,APE469b,Pamela and Richard Kramlich,1
ACE470,APE470a,Marie-Josée and Henry R. Kravis,1
ACE470,APE470b,Marie-Josée and Henry R. Kravis,1
ACE471,APE471a,Catie and Donald B. Marron,1
ACE471,APE471b,Catie and Donald B. Marron,1
ACE473,APE473a,Jacqueline and Philippe Nordmann,1
ACE473,APE473b,Jacqueline and Philippe Nordmann,1
ACE474,APE474a,Louise and Leonard Riggio,1
ACE474,APE474b,Louise and Leonard Riggio,1
ACE475,APE475a,Kathy and Keith Sachs,1
ACE475,APE475b,Kathy and Keith Sachs,1
ACE476,APE476a,Judy and Michael H. Steinhardt,1
ACE476,APE476b,Judy and Michael H. Steinhardt,1
ACE479,APE479a,Barbara and Ted Alfond,1
ACE479,APE479b,Barbara and Ted Alfond,1
ACE481,APE481a,Sylvie and Claude Berri,1
ACE481,APE481b,Sylvie and Claude Berri,1
ACE483,APE483a,Melinda and Bill Gates,1
ACE483,APE483b,Melinda and Bill Gates,1
ACE492,APE492a,Ellen and Michael Ringier,1
ACE492,APE492b,Ellen and Michael Ringier,1
ACE493,APE493a,Sharon and Jay Rockefeller,1
ACE493,APE493b,Sharon and Jay Rockefeller,1
ACE494,APE494a,Jeannette and Martijn Sanders,1
ACE494,APE494b,Jeannette and Martijn Sanders,1
ACE496,APE496a,Ruth and Richard Shack,1
ACE496,APE496b,Ruth and Richard Shack,1
ACE497,APE497a,Margaret and Terry Stent,1
ACE497,APE497b,Margaret and Terry Stent,1
ACE501,APE501a,Valerie and Charles Diker,1
ACE501,APE501b,Valerie and Charles Diker,1
ACE503,APE503a,Peter H. and Paula Lunder,1
ACE503,APE503b,Peter H. and Paula Lunder,1
ACE506,APE506a,Giovanna and Giuseppe Panza di Biumo,1
ACE506,APE506b,Giovanna and Giuseppe Panza di Biumo,1
ACE508,APE508a,Marieke and Pieter Sanders,1
ACE508,APE508b,Marieke and Pieter Sanders,1
ACE509,APE509a,Ute and Rudolf Scharpff,1
ACE509,APE509b,Ute and Rudolf Scharpff,1
ACE511,APE511a,B. Z. and Michael Schwartz,1
ACE511,APE511b,B. Z. and Michael Schwartz,1
ACE513,APE513a,Nancy and Philip Anschutz,1
ACE513,APE513b,Nancy and Philip Anschutz,1
ACE515,APE515a,Sandra and Gerald Fineberg,1
ACE515,APE515b,Sandra and Gerald Fineberg,1
ACE516,APE516a,Maxine and Stuart Frankel,1
ACE516,APE516b,Maxine and Stuart Frankel,1
ACE519,APE519a,Janine and J. Tomilson Hill,1
ACE519,APE519b,Janine and J. Tomilson Hill,1
ACE521,APE521a,Anne and John Marion,1
ACE521,APE521b,Anne and John Marion,1
ACE523,APE523a,Cindy and Howard Rachofsky,1
ACE523,APE523b,Cindy and Howard Rachofsky,1
ACE525,APE525a,Tsuneo and Eiichiro Sudo,1
ACE525,APE525b,Tsuneo and Eiichiro Sudo,1
ACE527,APE527a,Ruth and William True,1
ACE527,APE527b,Ruth and William True,1
ACE530,APE530a,Annette and Udo Brandhorst,1
ACE530,APE530b,Annette and Udo Brandhorst,1
ACE531,APE531a,Melva Bucksbaum and Raymond Learsy,1
ACE531,APE531b,Melva Bucksbaum and Raymond Learsy,1
ACE535,APE535a,Danielle and David Ganek,1
ACE535,APE535b,Danielle and David Ganek,1
ACE537,APE537a,Susan and Michael Hort,1
ACE537,APE537b,Susan and Michael Hort,1
ACE539,APE539a,Jeanne and Michael L. Klein,1
ACE539,APE539b,Jeanne and Michael L. Klein,1
ACE540,APE540a,Sarah-Ann and Werner H. Kramarsky,1
ACE540,APE540b,Sarah-Ann and Werner H. Kramarsky,1
ACE541,APE541a,Jill and Peter Kraus,1
ACE541,APE541b,Jill and Peter Kraus,1
ACE543,APE543a,Sherry and Joel Mallin,1
ACE543,APE543b,Sherry and Joel Mallin,1
ACE544,APE544a,Carol and Stewart Rahr,1
ACE544,APE544b,Carol and Stewart Rahr,1
ACE548,APE548a,Abigail and Leslie H. Wexner,1
ACE548,APE548b,Abigail and Leslie H. Wexner,1
ACE550,APE550a,Kenneth C. Griffin and Anne Dias,1
ACE550,APE550b,Kenneth C. Griffin and Anne Dias,1
ACE552,APE552a,Anne and Jerome Fisher,1
ACE552,APE552b,Anne and Jerome Fisher,1
ACE555,APE555a,Ninah and Michael Lynne,1
ACE555,APE555b,Ninah and Michael Lynne,1
ACE556,APE556a,Susan and John Magnier,1
ACE556,APE556b,Susan and John Magnier,1
ACE558,APE558a,Elizabeth and Harvey Plotnick,1
ACE558,APE558b,Elizabeth and Harvey Plotnick,1
ACE563,APE563a,Leonora and Jimmy Belilty,1
ACE563,APE563b,Leonora and Jimmy Belilty,1
ACE565,APE565a,Monique and Max Burger,1
ACE565,APE565b,Monique and Max Burger,1
ACE566,APE566a,Cherryl and Frank Cohen,1
ACE566,APE566b,Cherryl and Frank Cohen,1
ACE569,APE569a,Kathleen and Richard S. Fuld Jr.,1
ACE569,APE569b,Kathleen and Richard S. Fuld Jr.,1
ACE570,APE570a,Ann and Graham Gund,1
ACE570,APE570b,Ann and Graham Gund,1
ACE571,APE571a,Margrit and Paul Hahnloser,1
ACE571,APE571b,Margrit and Paul Hahnloser,1
ACE572,APE572a,Adam Lindemann and Amalia Dayan,1
ACE572,APE572b,Adam Lindemann and Amalia Dayan,1
ACE573,APE573a,Margaret Munzer Loeb and Daniel S. Loeb,1
ACE573,APE573b,Margaret Munzer Loeb and Daniel S. Loeb,1
ACE574,APE574a,Frances G. and James W. McGlothlin,1
ACE574,APE574b,Frances G. and James W. McGlothlin,1
ACE576,APE576a,Julie and Edward J. Minskoff,1
ACE576,APE576b,Julie and Edward J. Minskoff,1
ACE578,APE578a,Marsha and Jeffrey Perelman,1
ACE578,APE578b,Marsha and Jeffrey Perelman,1
ACE579,APE579a,Miuccia Prada and Patrizio Bertelli,1
ACE579,APE579b,Miuccia Prada and Patrizio Bertelli,1
ACE580,APE580a,Lisa and John A. Pritzker,1
ACE580,APE580b,Lisa and John A. Pritzker,1
ACE586,APE586a,Lauren and Benedikt Taschen,1
ACE586,APE586b,Lauren and Benedikt Taschen,1
ACE588,APE588a,Elaine and Stephen A. Wynn,1
ACE588,APE588b,Elaine and Stephen A. Wynn,1
ACE589,APE589a,Hélène and Bernard Arnault,1
ACE589,APE589b,Hélène and Bernard Arnault,1
ACE590,APE590a,Maria Arena Bell and William Bell Jr.,1
ACE590,APE590b,Maria Arena Bell and William Bell Jr.,1
ACE591,APE591a,Karen and Christian Boros,1
ACE591,APE591b,Karen and Christian Boros,1
ACE593,APE593a,Peggy and Ralph Burnet,1
ACE593,APE593b,Peggy and Ralph Burnet,1
ACE597,APE597a,Agnes and Karlheinz Essl,1
ACE597,APE597b,Agnes and Karlheinz Essl,1
ACE598,APE598a,Geraldine and Noam Gottesman,1
ACE598,APE598b,Geraldine and Noam Gottesman,1
ACE599,APE599a,Mania and Bernhard Hahnloser,1
ACE599,APE599b,Mania and Bernhard Hahnloser,1
ACE600,APE600a,Christine and Andrew Hall,1
ACE600,APE600b,Christine and Andrew Hall,1
ACE602,APE602a,Cindy and Alan Horn,1
ACE602,APE602b,Cindy and Alan Horn,1
ACE604,APE604a,Anneliese and Gerhard Lenz,1
ACE604,APE604b,Anneliese and Gerhard Lenz,1
ACE605,APE605a,Jane and Richard Manoogian,1
ACE605,APE605b,Jane and Richard Manoogian,1
ACE607,APE607a,Lisa and Steve Tananbaum,1
ACE607,APE607b,Lisa and Steve Tananbaum,1
ACE611,APE611a,Eileen and Michael Cohen,1
ACE611,APE611b,Eileen and Michael Cohen,1
ACE613,APE613a,Nathalie and Charles de Gunzburg,1
ACE613,APE613b,Nathalie and Charles de Gunzburg,1
ACE614,APE614a,Deedie and Rusty Rose,1
ACE614,APE614b,Deedie and Rusty Rose,1
ACE616,APE616a,Dana and Jim Tananbaum,1
ACE616,APE616b,Dana and Jim Tananbaum,1
ACE617,APE617a,Roman Abramovich and Dasha Zhukova,1
ACE617,APE617b,Roman Abramovich and Dasha Zhukova,1
ACE619,APE619a,"Robert H., Jereann H., and Holland Chaney",1
ACE619,APE619b,"Robert H., Jereann H., and Holland Chaney",1
ACE620,APE620a,Frank J. Fertitta III and Lorenzo Fertitta,1
ACE620,APE620b,Frank J. Fertitta III and Lorenzo Fertitta,1
ACE621,APE621a,Diane and Bruce Halle,1
ACE621,APE621b,Diane and Bruce Halle,1
ACE623,APE623a,Mimi and Filiep Libeert,1
ACE623,APE623b,Mimi and Filiep Libeert,1
ACE626,APE626a,Lynda and Stewart Resnick,1
ACE626,APE626b,Lynda and Stewart Resnick,1
ACE627,APE627a,Myriam and Guy Ullens,1
ACE627,APE627b,Myriam and Guy Ullens,1
ACE628,APE628a,Maria Baibakova and Oleg Baybakov,1
ACE628,APE628b,Maria Baibakova and Oleg Baybakov,1
ACE629,APE629a,Marijke and Willem Cordia,1
ACE629,APE629b,Marijke and Willem Cordia,1
ACE631,APE631a,Ingrid and Hugo Jung,1
ACE631,APE631b,Ingrid and Hugo Jung,1
ACE632,APE632a,Nancy and Robert Magoon,1
ACE632,APE632b,Nancy and Robert Magoon,1
ACE633,APE633a,Susan and Larry Marx,1
ACE633,APE633b,Susan and Larry Marx,1
ACE635,APE635a,Amy and John Phelan,1
ACE635,APE635b,Amy and John Phelan,1
ACE636,APE636a,Penny Pritzker and Bryan Traubert,1
ACE636,APE636b,Penny Pritzker and Bryan Traubert,1
ACE637,APE637a,Lenore and Adam Sender,1
ACE637,APE637b,Lenore and Adam Sender,1
ACE640,APE640a,Iris and Matthew Strauss,1
ACE640,APE640b,Iris and Matthew Strauss,1
ACE641,APE641a,Robbi and Bruce E. Toll,1
ACE641,APE641b,Robbi and Bruce E. Toll,1
ACE643,APE643a,Laura and John Arnold,1
ACE643,APE643b,Laura and John Arnold,1
ACE644,APE644a,Cees and Inge de Bruin-Heijn,1
ACE644,APE644b,Cees and Inge de Bruin-Heijn,1
ACE645,APE645a,Alexandra and Steven A. Cohen,1
ACE645,APE645b,Alexandra and Steven A. Cohen,1
ACE648,APE648a,Amanda and Glenn R. Fuhrman,1
ACE648,APE648b,Amanda and Glenn R. Fuhrman,1
ACE650,APE650a,Catherine and Pierre Lagrange,1
ACE650,APE650b,Catherine and Pierre Lagrange,1
ACE651,APE651a,Paula and Peter H. Lunder,1
ACE651,APE651b,Paula and Peter H. Lunder,1
ACE653,APE653a,Emily and Mitchell Rales,1
ACE653,APE653b,Emily and Mitchell Rales,1
ACE656,APE656a,Barbara and John Vogelstein,1
ACE656,APE656b,Barbara and John Vogelstein,1
ACE659,APE659a,Bettina and Donald L. Bryant Jr.,1
ACE659,APE659b,Bettina and Donald L. Bryant Jr.,1
ACE663,APE663a,Suna and Inan Kiraç,1
ACE663,APE663b,Suna and Inan Kiraç,1
ACE664,APE664a,Liz and Eric Lefkofsky,1
ACE664,APE664b,Liz and Eric Lefkofsky,1
ACE667,APE667a,Edith and Mark Vanmoerkerke,1
ACE667,APE667b,Edith and Mark Vanmoerkerke,1
ACE668,APE668a,Shelley Fox Aarons and Philip E. Aarons,1
ACE668,APE668b,Shelley Fox Aarons and Philip E. Aarons,1
ACE670,APE670a,Caryl and Israel Englander,1
ACE670,APE670b,Caryl and Israel Englander,1
ACE672,APE672a,Florence and Daniel Guerlain,1
ACE672,APE672b,Florence and Daniel Guerlain,1
ACE673,APE673a,Barbara and Axel Haubrok,1
ACE673,APE673b,Barbara and Axel Haubrok,1
ACE675,APE675a,Alison and Peter W. Klein,1
ACE675,APE675b,Alison and Peter W. Klein,1
ACE677,APE677a,Barbara and Aaron Levine,1
ACE677,APE677b,Barbara and Aaron Levine,1
ACE678,APE678a,Pamela and Jarl Mohn,1
ACE678,APE678b,Pamela and Jarl Mohn,1
ACE679,APE679a,Rose-Marie and Eijk van Otterloo,1
ACE679,APE679b,Rose-Marie and Eijk van Otterloo,1
ACE680,APE680a,Heather and Tony Podesta,1
ACE680,APE680b,Heather and Tony Podesta,1
ACE682,APE682a,Christiane Schaufler-Münch and Peter Schaufler,1
ACE682,APE682b,Christiane Schaufler-Münch and Peter Schaufler,1
ACE684,APE684a,Sylvia and Ulrich Ströher,1
ACE684,APE684b,Sylvia and Ulrich Ströher,1
ACE687,APE687a,Jane and Robert Toll,1
ACE687,APE687b,Jane and Robert Toll,1
ACE688,APE688a,Wang Wei and Liu Yiqian,1
ACE688,APE688b,Wang Wei and Liu Yiqian,1
ACE689,APE689a,Jutta and Siegfried Weishaupt,1
ACE689,APE689b,Jutta and Siegfried Weishaupt,1
ACE693,APE693a,Robert and Renee Drake,1
ACE693,APE693b,Robert and Renee Drake,1
ACE696,APE696a,Steven Latner and Michael Latner,1
ACE696,APE696b,Steven Latner and Michael Latner,1
ACE697,APE697a,Maurice Marciano and Paul Marciano,1
ACE697,APE697b,Maurice Marciano and Paul Marciano,1
ACE701,APE701a,Andrea and José Olympio Pereira,1
ACE701,APE701b,Andrea and José Olympio Pereira,1
ACE703,APE703a,Vicki and Roger Sant,1
ACE703,APE703b,Vicki and Roger Sant,1
ACE710,APE710a,Trudy and Paul Cejas,1
ACE710,APE710b,Trudy and Paul Cejas,1
ACE712,APE712a,Isabel and Agustín Coppel,1
ACE712,APE712b,Isabel and Agustín Coppel,1
ACE714,APE714a,Mitzi and Warren Eisenberg,1
ACE714,APE714b,Mitzi and Warren Eisenberg,1
ACE715,APE715a,Rebecca and Martin Eisenberg,1
ACE715,APE715b,Rebecca and Martin Eisenberg,1
ACE717,APE717a,Susan and Leonard Feinstein,1
ACE717,APE717b,Susan and Leonard Feinstein,1
ACE718,APE718a,Marilyn and Larry Fields,1
ACE718,APE718b,Marilyn and Larry Fields,1
ACE719,APE719a,Christy and Bill Gautreaux,1
ACE719,APE719b,Christy and Bill Gautreaux,1
ACE723,APE723a,Raymond J. McGuire and Crystal McCrary,1
ACE723,APE723b,Raymond J. McGuire and Crystal McCrary,1
ACE724,APE724a,Tom and Margot Pritzker,1
ACE724,APE724b,Tom and Margot Pritzker,1
ACE726,APE726a,Hilary and Wilbur L. Ross Jr.,1
ACE726,APE726b,Hilary and Wilbur L. Ross Jr.,1
ACE729,APE729a,Elizabeth and Frederick Singer,1
ACE729,APE729b,Elizabeth and Frederick Singer,1
ACE730,APE730a,Susana and Ricardo Steinbruch,1
ACE730,APE730b,Susana and Ricardo Steinbruch,1
ACE734,APE734a,Anita and Poju Zabludowicz,1
ACE734,APE734b,Anita and Poju Zabludowicz,1
ACE735,APE735a,James Keith (JK) Brown and Eric Diefenbach,1
ACE735,APE735b,James Keith (JK) Brown and Eric Diefenbach,1
ACE739,APE739a,Yassmin and Sasan Ghandehari,1
ACE739,APE739b,Yassmin and Sasan Ghandehari,1
ACE741,APE741a,Hong Ra-hee and Lee Kun-hee,1
ACE741,APE741b,Hong Ra-hee and Lee Kun-hee,1
ACE745,APE745a,Nina and Frank Moore,1
ACE745,APE745b,Nina and Frank Moore,1
ACE746,APE746a,Catriona and Simon Mordant,1
ACE746,APE746b,Catriona and Simon Mordant,1
ACE747,APE747a,Genny and Selmo Nissenbaum,1
ACE747,APE747b,Genny and Selmo Nissenbaum,1
ACE748,APE748a,Lisa and Richard Perry,1
ACE748,APE748b,Lisa and Richard Perry,1
ACE749,APE749a,Sabine and Hasso Plattner,1
ACE749,APE749b,Sabine and Hasso Plattner,1
ACE752,APE752a,Linnea Conrad Roberts and George Roberts,1
ACE752,APE752b,Linnea Conrad Roberts and George Roberts,1
ACE754,APE754a,Elham and Tony Salamé,1
ACE754,APE754b,Elham and Tony Salamé,1
ACE755,APE755a,Nadia and Rajeeb Samdani,1
ACE755,APE755b,Nadia and Rajeeb Samdani,1
ACE757,APE757a,Brett and Daniel S. Sundheim,1
ACE757,APE757b,Brett and Daniel S. Sundheim,1
ACE761,APE761a,Halit Cingillioglu and Kemal Has Cingillioglu,1
ACE761,APE761b,Halit Cingillioglu and Kemal Has Cingillioglu,1
ACE763,APE763a,Michael C. Forman and Jennifer Rice,1
ACE763,APE763b,Michael C. Forman and Jennifer Rice,1
ACE765,APE765a,Pamela J. Joyner and Alfred J. Giuffrida,1
ACE765,APE765b,Pamela J. Joyner and Alfred J. Giuffrida,1
ACE770,APE770a,Sheri and Howard Schultz,1
ACE770,APE770b,Sheri and Howard Schultz,1
ACE772,APE772a,Anne and Wolfgang Titze,1
ACE772,APE772b,Anne and Wolfgang Titze,1
ACE773,APE773a,Patricia Pearson-Vergez and Juan Vergez,1
ACE773,APE773b,Patricia Pearson-Vergez and Juan Vergez,1
ACE776,APE776a,Laura Arrillaga-Andreessen and Marc Andreessen,1
ACE776,APE776b,Laura Arrillaga-Andreessen and Marc Andreessen,1
ACE778,APE778a,Tracey and Bruce R. Berkowitz,1
ACE778,APE778b,Tracey and Bruce R. Berkowitz,1
ACE779,APE779a,Barbara Bluhm-Kaul and Don Kaul,1
ACE779,APE779b,Barbara Bluhm-Kaul and Don Kaul,1
ACE780,APE780a,Lauren and Mark Booth,1
ACE780,APE780b,Lauren and Mark Booth,1
ACE782,APE782a,Estrellita and Daniel Brodsky,1
ACE782,APE782b,Estrellita and Daniel Brodsky,1
ACE785,APE785a,Bridgitt and Bruce Evans,1
ACE785,APE785b,Bridgitt and Bruce Evans,1
ACE786,APE786a,Gabriela and Ramiro Garza,1
ACE786,APE786b,Gabriela and Ramiro Garza,1
ACE787,APE787a,Petra and Stephen Levin,1
ACE787,APE787b,Petra and Stephen Levin,1
ACE792,APE792a,Helen and Sam Zell,1
ACE792,APE792b,Helen and Sam Zell,1
ACE795,APE795a,Elizabeth and Phillip Chun,1
ACE795,APE795b,Elizabeth and Phillip Chun,1
ACE799,APE799a,Kelly and Scott Mueller,1
ACE799,APE799b,Kelly and Scott Mueller,1
ACE800,APE800a,Jane and Marc Nathanson,1
ACE800,APE800b,Jane and Marc Nathanson,1
ACE802,APE802a,Cecilia and Ernesto Poma,1
ACE802,APE802b,Cecilia and Ernesto Poma,1
ACE805,APE805a,Komal Shah and Gaurav Garg,1
ACE805,APE805b,Komal Shah and Gaurav Garg,1
ACE806,APE806a,Claire-Anne and Lawrence S. Stroll,1
ACE806,APE806b,Claire-Anne and Lawrence S. Stroll,1
ACE807,APE807a,Clara and Joseph C. Tsai,1
ACE807,APE807b,Clara and Joseph C. Tsai,1
ACE813,APE813a,Cecilia and Chung-Kiu “C.K.” Cheung,1
ACE813,APE813b,Cecilia and Chung-Kiu “C.K.” Cheung,1
ACE814,APE814a,Kasseem “Swizz Beatz” Dean and Alicia Keys,1
ACE814,APE814b,Kasseem “Swizz Beatz” Dean and Alicia Keys,1
ACE815,APE815a,Yael and Gary Fegel,1
ACE815,APE815b,Yael and Gary Fegel,1
ACE819,APE819a,Jimmy Iovine and Liberty Ross,1
ACE819,APE819b,Jimmy Iovine and Liberty Ross,1
ACE824,APE824a,Kiran and Shiv Nadar,1
ACE824,APE824b,Kiran and Shiv Nadar,1
ACE826,APE826a,Eyal Ofer and Idan Ofer,1
ACE826,APE826b,Eyal Ofer and Idan Ofer,1
ACE827,APE827a,Darlene and Jorge M. Pérez,1
ACE827,APE827b,Darlene and Jorge M. Pérez,1
ACE831,APE831a,Maggie and Richard Tsai,1
ACE831,APE831b,Maggie and Richard Tsai,1
ACE833,APE833a,Josef Vascovitz and Lisa Goodman,1
ACE833,APE833b,Josef Vascovitz and Lisa Goodman,1
ACE834,APE834a,Jenny Jinyuan Wang and Guo Guangchang,1
ACE834,APE834b,Jenny Jinyuan Wang and Guo Guangchang,1
ACE840,APE840a,Deirdre and James Dyson,1
ACE840,APE840b,Deirdre and James Dyson,1
ACE841,APE841a,Cecilie Fredriksen and Kathrine Fredriksen,1
ACE841,APE841b,Cecilie Fredriksen and Kathrine Fredriksen,1
ACE843,APE843a,Arthur Lewis and Hau Nguyen,1
ACE843,APE843b,Arthur Lewis and Hau Nguyen,1
ACE844,APE844a,George Lucas and Mellody Hobson,1
ACE844,APE844b,George Lucas and Mellody Hobson,1
ACE845,APE845a,Bernard Lumpkin and Carmine Boccuzzi,1
ACE845,APE845b,Bernard Lumpkin and Carmine Boccuzzi,1
ACE847,APE847a,Batia and Idan Ofer,1
ACE847,APE847b,Batia and Idan Ofer,1
ACE848,APE848a,Janelle and Alden Pinnell,1
ACE848,APE848b,Janelle and Alden Pinnell,1
ACE849,APE849a,Sara and John Shlesinger,1
ACE849,APE849b,Sara and John Shlesinger,1
ACE851,APE851a,Mei and Allan Warburg,1
ACE851,APE851b,Mei and Allan Warburg,1
ACE855,APE855a,Katie and Amnon Rodan,1
ACE855,APE855b,Katie and Amnon Rodan,1
ACE856,APE856a,Jaime and Andrew Schwartzberg,1
ACE856,APE856b,Jaime and Andrew Schwartzberg,1
ACE857,APE857a,Amy and Leo Shih,1
ACE857,APE857b,Amy and Leo Shih,1
ACE858,APE858a,Carl and Marilynn Thoma,1
ACE858,APE858b,Carl and Marilynn Thoma,1
ACE859,APE859a,Ric Whitney and Tina Perry-Whitney,1
ACE859,APE859b,Ric Whitney and Tina Perry-Whitney,1
ACE1,APE1a,Zenko Adachi,0
ACE2,APE2a,Giovanni Agnelli,0
ACE3,APE3a,Muhammed al-Tajir,0
ACE5,APE5a,Arthur G. Altschul,0
ACE6,APE6a,Thomas Ammann,0
ACE8,APE8a,Warren Anderson,0
ACE9,APE9a,Walter H. Annenberg,0
ACE10,APE10a,B.L Au,0
ACE11,APE11a,Emilio Azcarraga,0
ACE12,APE12a,Richard Brown Baker,0
ACE13,APE13a,Sid Richardson Bass,0
ACE14,APE14a,Anne Bass,0
ACE15,APE15a,Audrey Jones Beck,0
ACE16,APE16a,Heinz Berggruen,0
ACE18,APE18a,Silvio Berlusconi,0
ACE19,APE19a,Claude Berri,0
ACE20,APE20a,Ernst Beyeler,0
ACE22,APE22a,Martin Blinder,0
ACE26,APE26a,Alan Bond,0
ACE27,APE27a,Janet Green,0
ACE29,APE29a,William Bowmore,0
ACE31,APE31a,Donald Leroy Bren,0
ACE33,APE33a,Edward Broida,0
ACE34,APE34a,Lothar-Günther Buchheim,0
ACE35,APE35a,Miguel Capriles,0
ACE36,APE36a,Edward Carter,0
ACE37,APE37a,Gerald Chan,0
ACE38,APE38a,Alberto Chateaubriand,0
ACE39,APE39a,Wendell Cherry,0
ACE40,APE40a,Jay Chiat,0
ACE42,APE42a,Lillian Clark,0
ACE43,APE43a,Robert Holmes à Court,0
ACE44,APE44a,Douglas S. Cramer,0
ACE45,APE45a,Herman Daled,0
ACE47,APE47a,Bruce Dayton,0
ACE49,APE49a,"Edward R. Downe, Jr.",0
ACE51,APE51a,Asher Edelman,0
ACE53,APE53a,Gerald Elliott,0
ACE54,APE54a,Robert Ellsworth,0
ACE55,APE55a,Georges Embiricos,0
ACE56,APE56a,James O. Fairfax,0
ACE57,APE57a,Lord Thomson of Fleet,0
ACE58,APE58a,Gert Rudolf Flick,0
ACE59,APE59a,Amalia Lacroze de Fortabat,0
ACE60,APE60a,Giorgio Franchetti,0
ACE62,APE62a,David Geffen,0
ACE63,APE63a,Jacques Gelman,0
ACE65,APE65a,J. Paul Getty II,0
ACE66,APE66a,"Alfred C. Glassell, Jr.",0
ACE68,APE68a,Isabel Goldsmith,0
ACE69,APE69a,Giuliano Gori,0
ACE70,APE70a,John Goulandris,0
ACE71,APE71a,Graham Gund,0
ACE72,APE72a,Agnes Gund,0
ACE74,APE74a,Robert Halff,0
ACE75,APE75a,Armand Hammer *deceased as we went to press,0
ACE76,APE76a,Toshio Hara,0
ACE78,APE78a,Henry John Heinz III,0
ACE80,APE80a,Donald Hess,0
ACE83,APE83a,Richard E. Jacobs,0
ACE84,APE84a,Barbara Jakobson,0
ACE85,APE85a,Dakis Joannou,0
ACE86,APE86a,Philip Johnson,0
ACE87,APE87a,Barbara Piasecka Johnson,0
ACE88,APE88a,Samuel Josefowitz,0
ACE89,APE89a,Nicole Jullien Mattei,0
ACE90,APE90a,Shegeki Kameyama,0
ACE91,APE91a,Takuji Kato,0
ACE94,APE94a,Frederick Koch,0
ACE95,APE95a,William Koch,0
ACE96,APE96a,Robert Kogod,0
ACE98,APE98a,David Lloyd Kreeger,0
ACE99,APE99a,Sotaro Kubo,0
ACE100,APE100a,Hideo Kurita,0
ACE101,APE101a,Henryk de Kwiatkowski,0
ACE102,APE102a,Yolanda Garza Laguera,0
ACE103,APE103a,Leonard A. Lauder,0
ACE104,APE104a,Ronald S. Lauder,0
ACE105,APE105a,Raymond Learsy,0
ACE106,APE106a,Gerhard Lenz,0
ACE107,APE107a,K.S. Lo,0
ACE108,APE108a,Peter Ludwig,0
ACE111,APE111a,Richard Manoogian,0
ACE112,APE112a,Martin Z. Margulies,0
ACE113,APE113a,Annie Windfohr Marion,0
ACE114,APE114a,Donald B. Marron,0
ACE115,APE115a,Steve Martin,0
ACE116,APE116a,Erich Marx,0
ACE117,APE117a,Roger Mazarguil,0
ACE118,APE118a,Lord Alister McAlpine,0
ACE119,APE119a,Margaret McDermott,0
ACE121,APE121a,Christophe de Menil,0
ACE122,APE122a,Dominique de Menil,0
ACE123,APE123a,Georges de Menil,0
ACE124,APE124a,Philippa de Menil,0
ACE125,APE125a,Adelaide de Menil,0
ACE126,APE126a,François de Menil,0
ACE129,APE129a,José Mugrabi,0
ACE130,APE130a,Karl-Heinrich Müller,0
ACE131,APE131a,Henri Nannen,0
ACE132,APE132a,Raymond Nasher,0
ACE133,APE133a,Rose Newman,0
ACE134,APE134a,Stavros Niarchos,0
ACE136,APE136a,Sammy Ofer,0
ACE137,APE137a,Houn Ohara,0
ACE138,APE138a,Kiichiro Okano,0
ACE139,APE139a,Eiji Okwawa,0
ACE141,APE141a,Reinhard Onnasch,0
ACE142,APE142a,Jaime Ortiz-Patiño,0
ACE143,APE143a,Michael Ovitz,0
ACE144,APE144a,Max Palevsky,0
ACE145,APE145a,Peter Palumbo,0
ACE146,APE146a,Giuseppe Panza di Biumo,0
ACE147,APE147a,Jacques Poulge,0
ACE149,APE149a,Jay Arthur Pritzker,0
ACE150,APE150a,Joseph Pulitzer,0
ACE151,APE151a,Joe Rank,0
ACE152,APE152a,Robert Gore Rifkind,0
ACE153,APE153a,Renee Rivkin,0
ACE154,APE154a,Frederik Roos,0
ACE155,APE155a,Jacob Rothschild,0
ACE156,APE156a,Robert Rowan,0
ACE157,APE157a,Charles Saatchi,0
ACE159,APE159a,Tokichi Sakai,0
ACE160,APE160a,Fayez Sarofim,0
ACE162,APE162a,Otto Schäfer,0
ACE163,APE163a,John Schaeffer,0
ACE166,APE166a,Norton Simon,0
ACE167,APE167a,Yannis Sistovaris,0
ACE168,APE168a,Joshua P. Smith,0
ACE169,APE169a,Robert H. Smith,0
ACE172,APE172a,Sheldon Solow,0
ACE173,APE173a,Reiner Speck,0
ACE175,APE175a,Ray Stark,0
ACE177,APE177a,Leonard N. Stern,0
ACE178,APE178a,Hans-Hermann Stober,0
ACE179,APE179a,Stephen Swid,0
ACE180,APE180a,Yeung Wing Tak,0
ACE181,APE181a,Masahiro Takano,0
ACE182,APE182a,A. Alfred Taubman,0
ACE183,APE183a,Daniel Terra,0
ACE184,APE184a,Hiroshi Teshigahara,0
ACE185,APE185a,Hans Thulin,0
ACE187,APE187a,Robert Tobin,0
ACE188,APE188a,T. T. Tsui,0
ACE189,APE189a,Robert Vivian,0
ACE191,APE191a,Joel Wachs,0
ACE192,APE192a,Jack Warner,0
ACE193,APE193a,John Weber,0
ACE194,APE194a,Frederick R. Weisman,0
ACE195,APE195a,Marcia Weisman,0
ACE196,APE196a,Leslie Herbert Wexner,0
ACE197,APE197a,Ian Woodner,0
ACE199,APE199a,Jayne Wrightsman,0
ACE200,APE200a,Lucio Amelio,0
ACE201,APE201a,Plácido Arango,0
ACE205,APE205a,Alain Delon,0
ACE206,APE206a,Daniel Filipacchi,0
ACE207,APE207a,Chang Tien Ge,0
ACE208,APE208a,Alex Goulandris,0
ACE209,APE209a,Basil Goulandris,0
ACE210,APE210a,Hikonobu Ise,0
ACE211,APE211a,Katsumi Kawamura,0
ACE212,APE212a,William Lane,0
ACE213,APE213a,Joseph Lau,0
ACE214,APE214a,Micheline Maus,0
ACE215,APE215a,William Miller,0
ACE216,APE216a,Tsai Chen Nan,0
ACE217,APE217a,Masao Nangaku,0
ACE219,APE219a,Elie de Rothschild,0
ACE220,APE220a,Eric de Rothschild,0
ACE221,APE221a,Ryoei Saito,0
ACE223,APE223a,Urs Schwartzenbach,0
ACE224,APE224a,Tsukasa Shishima,0
ACE226,APE226a,David Thomson,0
ACE227,APE227a,Jean Alvarez de Tolédo,0
ACE228,APE228a,Lois Torf,0
ACE229,APE229a,Tomonori Tsurumaki,0
ACE230,APE230a,Sieji Tsutsumi,0
ACE231,APE231a,Klaus Turbon,0
ACE232,APE232a,Roberto T. Villanueva,0
ACE234,APE234a,Jan Ahlers,0
ACE235,APE235a,Marilynn Alsdorf,0
ACE236,APE236a,Hans Rasmus Astrup,0
ACE237,APE237a,Annibale Berlingieri,0
ACE242,APE242a,Gilberto Chateaubriand,0
ACE243,APE243a,Paul Desmarais,0
ACE246,APE246a,Hans Grothe,0
ACE248,APE248a,Michael Hornstein,0
ACE250,APE250a,Kwee Liong Keng,0
ACE251,APE251a,John Kluge,0
ACE253,APE253a,Robert Lehrman,0
ACE254,APE254a,Arthur Lim,0
ACE255,APE255a,Luella Maslon,0
ACE257,APE257a,Carlo Monzino,0
ACE258,APE258a,Raymond D. Nasher,0
ACE259,APE259a,George Ortiz,0
ACE260,APE260a,"Joseph Pulitzer, Jr.",0
ACE261,APE261a,J.R. Ritman,0
ACE263,APE263a,Dieter Scharf,0
ACE264,APE264a,Walther Scharf,0
ACE265,APE265a,Peter Sharp,0
ACE266,APE266a,Kenneth Thomson,0
ACE267,APE267a,George Ti,0
ACE268,APE268a,Susie Tompkins,0
ACE269,APE269a,Seiji Tsutsumi,0
ACE272,APE272a,Thomas Walther,0
ACE275,APE275a,Wayne Wrightsman,0
ACE276,APE276a,Juan Abelló,0
ACE279,APE279a,Christiaan Braun,0
ACE280,APE280a,"Sultan Haji Hassanal Bolkiah, Sultan of Brunei",0
ACE282,APE282a,Ignacio Cobo,0
ACE283,APE283a,Edward Cox,0
ACE284,APE284a,Elaine Dannheisser,0
ACE285,APE285a,Barney Ebsworth,0
ACE288,APE288a,Bob Guccione,0
ACE289,APE289a,Ydessa Hendeles,0
ACE292,APE292a,Peter Moores,0
ACE293,APE293a,Jean-Pierre Moueix,0
ACE294,APE294a,Jorge Ortiz-Patiño,0
ACE300,APE300a,Martijn Sanders,0
ACE301,APE301a,Pieter Sanders,0
ACE302,APE302a,Wilhelm Schürmann,0
ACE303,APE303a,Marion Smooke,0
ACE306,APE306a,Martin Visser,0
ACE307,APE307a,Andrew Lloyd Webber,0
ACE310,APE310a,Angelo Baldessari,0
ACE312,APE312a,Mary Livingston Griggs Burke,0
ACE314,APE314a,Attilo Codognato,0
ACE315,APE315a,Karen Cohen,0
ACE316,APE316a,Jeffrey E. Horvitz,0
ACE317,APE317a,Harry Hyams,0
ACE318,APE318a,Stephane Janssen,0
ACE319,APE319a,Sam Josefowitz,0
ACE324,APE324a,Robert Sosnick,0
ACE332,APE332a,Baron Giorgio Franchetti,0
ACE334,APE334a,Soichiro Fukutake,0
ACE337,APE337a,Jorge S. Helft,0
ACE338,APE338a,Mauro Herlitzka,0
ACE341,APE341a,Simon Kwan,0
ACE342,APE342a,Emily Fisher Landau,0
ACE348,APE348a,Lord Peter Palumbo,0
ACE349,APE349a,Ronald O. Perelman,0
ACE350,APE350a,François Pinault,0
ACE351,APE351a,Sainsbury Family,0
ACE354,APE354a,Carlos Slim Helú,0
ACE359,APE359a,Mitchell Wolfson,0
ACE360,APE360a,Reinhold Würth,0
ACE361,APE361a,Gianni Agnelli,0
ACE363,APE363a,Scott Black,0
ACE364,APE364a,Nicola Bulgari,0
ACE365,APE365a,Eduardo F. Costantini,0
ACE367,APE367a,Esther Grether,0
ACE368,APE368a,Manfred Heiting,0
ACE369,APE369a,Marieluise Hessel,0
ACE370,APE370a,Graham Kirkham,0
ACE373,APE373a,Peter Lewis,0
ACE374,APE374a,Werner Merzbacher,0
ACE376,APE376a,David Rockefeller,0
ACE377,APE377a,Robert Smith,0
ACE378,APE378a,Jeffrey Steiner,0
ACE380,APE380a,Charles Tabachnick,0
ACE381,APE381a,Paul Allen,0
ACE382,APE382a,Hortense Anda-Bührle,0
ACE383,APE383a,John P. Axelrod,0
ACE384,APE384a,Dieter Bührle,0
ACE386,APE386a,Herbert Black,0
ACE388,APE388a,Joop van Caldenborgh,0
ACE389,APE389a,Lloyd Cotsen,0
ACE390,APE390a,Prodromus Emfietzoglou,0
ACE391,APE391a,Joseph Hackmey,0
ACE392,APE392a,Daniel Hechter,0
ACE393,APE393a,Robert Hiscox,0
ACE394,APE394a,Carl Icahn,0
ACE395,APE395a,Audrey Irmas,0
ACE396,APE396a,John Kaldor,0
ACE398,APE398a,Robert P. Kogod,0
ACE399,APE399a,Werner Kramarsky,0
ACE400,APE400a,Myron Kunin,0
ACE402,APE402a,Joseph Lewis,0
ACE403,APE403a,Denis Logothetis,0
ACE404,APE404a,Irene Ludwig,0
ACE406,APE406a,Dinos Martinos,0
ACE408,APE408a,Arendt Oetker,0
ACE409,APE409a,Wafic Said,0
ACE410,APE410a,Rudolf Scharpf,0
ACE411,APE411a,David Tang,0
ACE412,APE412a,Robert L. B. Tobin,0
ACE413,APE413a,José Luis Várez Fisa,0
ACE414,APE414a,Thomas W. Weisel,0
ACE416,APE416a,Bruce Bailey,0
ACE417,APE417a,Frances Bowes,0
ACE419,APE419a,Edward R. Broida,0
ACE420,APE420a,Donald L. Bryant Jr.,0
ACE421,APE421a,Blake Byrne,0
ACE422,APE422a,Constance Caplan,0
ACE423,APE423a,Frances Dittmer,0
ACE424,APE424a,Ulla Dreyfus-Best,0
ACE425,APE425a,Aaron I. Fleischman,0
ACE426,APE426a,Ingvild Goetz,0
ACE428,APE428a,Jean Hamon,0
ACE429,APE429a,Samuel Heyman,0
ACE430,APE430a,Erika Hoffmann,0
ACE432,APE432a,Joseph Hotung,0
ACE434,APE434a,Uri Knecht,0
ACE438,APE438a,Eugenio López Alonso,0
ACE440,APE440a,Robert Miller,0
ACE441,APE441a,Jan Mitchell,0
ACE442,APE442a,Michimasa Murauchi,0
ACE443,APE443a,Maja Oeri,0
ACE446,APE446a,Kimiko Powers,0
ACE447,APE447a,Leonard Riggio,0
ACE448,APE448a,Lee Ann Roberts,0
ACE449,APE449a,Inge Rodenstock,0
ACE455,APE455a,Eiichiro Sudo,0
ACE457,APE457a,Dean Valentine,0
ACE458,APE458a,Shelby White,0
ACE464,APE464a,Harald Falckenberg,0
ACE465,APE465a,Friedrich Christian Flick,0
ACE468,APE468a,Uli Knecht,0
ACE472,APE472a,Leonardo Mondadori,0
ACE477,APE477a,Norman Stone,0
ACE478,APE478a,Tsuneshi Suzuki,0
ACE480,APE480a,Philip Anschutz,0
ACE482,APE482a,Udo Brandhorst,0
ACE484,APE484a,Yu Gi-chung,0
ACE485,APE485a,Marguerite Hoffman,0
ACE486,APE486a,Frank Huang,0
ACE487,APE487a,Elton John,0
ACE488,APE488a,Alicia Koplowitz,0
ACE489,APE489a,Minoru Mori,0
ACE490,APE490a,Jack Nicholson,0
ACE491,APE491a,Emily Rauh Pulitzer,0
ACE495,APE495a,Stephan Schmidheiny,0
ACE498,APE498a,Ricard Akagawa,0
ACE499,APE499a,Bernard Arnault,0
ACE500,APE500a,Dimitris Daskalopoulos,0
ACE502,APE502a,"George Lindemann, Jr.",0
ACE504,APE504a,Philip S. Niarchos,0
ACE505,APE505a,Peter Norton,0
ACE507,APE507a,Scott Rudin,0
ACE510,APE510a,Chara Schreyer,0
ACE512,APE512a,Sheikh Saud bin Mohammad bin Ali al-Thani,0
ACE514,APE514a,Steven A. Cohen,0
ACE517,APE517a,David Ganek,0
ACE518,APE518a,John Paul Getty II,0
ACE520,APE520a,Roberto Marinho,0
ACE522,APE522a,Bernardo Paz,0
ACE524,APE524a,Mitchell Rales,0
ACE526,APE526a,Beth Swofford,0
ACE528,APE528a,Jose Manuel Berardo,0
ACE529,APE529a,Lilian Bettencourt,0
ACE532,APE532a,James Clark,0
ACE533,APE533a,Paolo Consolandi,0
ACE534,APE534a,The Garza Sada family,0
ACE536,APE536a,Laurence Graff,0
ACE538,APE538a,Nasser David Khalili,0
ACE542,APE542a,Michael Lynne,0
ACE545,APE545a,Patrizia Sandretto Re Rebaudengo,0
ACE546,APE546a,Sakip Sabanci,0
ACE547,APE547a,Alain Wertheimer,0
ACE549,APE549a,Frank Cohen,0
ACE551,APE551a,Garza Sada Family,0
ACE553,APE553a,Antoine de Galbert,0
ACE554,APE554a,Barbara Lee,0
ACE557,APE557a,Lester Marks,0
ACE559,APE559a,Steven Rales,0
ACE560,APE560a,Lily Safra,0
ACE561,APE561a,Adam D. Sender,0
ACE562,APE562a,Francesca Thyssen-Bornemisza,0
ACE564,APE564a,Frieder Burda,0
ACE567,APE567a,Beth Rudin DeWoody,0
ACE568,APE568a,Glenn R. Fuhrman,0
ACE575,APE575a,Henry S. McNeil,0
ACE577,APE577a,Thomas Olbricht,0
ACE581,APE581a,Louisa Stude Sarofim,0
ACE582,APE582a,Tatsumi Sato,0
ACE583,APE583a,Juan Antonio Perez Simon,0
ACE584,APE584a,Peter Simon,0
ACE585,APE585a,Gayle Stoffel,0
ACE587,APE587a,Alice Walton,0
ACE592,APE592a,Mary Griggs Burke,0
ACE594,APE594a,Kim Chang-il,0
ACE595,APE595a,Ella Fontanals-Cisneros,0
ACE596,APE596a,Michael Crichton,0
ACE601,APE601a,Prince Hans-Adam II von und zu Liechtenstein,0
ACE603,APE603a,Marc Landeau,0
ACE606,APE606a,Aby J. Rosen,0
ACE608,APE608a,David Teiger,0
ACE609,APE609a,Neil G. Bluhm,0
ACE610,APE610a,Mickey Cartin,0
ACE612,APE612a,Kenneth C. Griffin,0
ACE615,APE615a,Eric Schmidt,0
ACE618,APE618a,Peter M. Brant,0
ACE622,APE622a,Damien Hirst,0
ACE624,APE624a,David Martinez,0
ACE625,APE625a,Victor Pinchuk,0
ACE630,APE630a,Edward “Ned” Johnson III,0
ACE634,APE634a,Hubert Neumann,0
ACE638,APE638a,Uli Sigg,0
ACE639,APE639a,Eric Smidt,0
ACE642,APE642a,Stephen A. Wynn,0
ACE646,APE646a,Philippe Decelle,0
ACE647,APE647a,Ovitz family,0
ACE649,APE649a,Noam Gottesman,0
ACE652,APE652a,John S. Middleton,0
ACE654,APE654a,Princess Gloria von Thurn und Taxis,0
ACE655,APE655a,Walter Vanhaerents,0
ACE657,APE657a,Susan Weber,0
ACE658,APE658a,Tadashi Yanai,0
ACE660,APE660a,Pierre Chen,0
ACE661,APE661a,Halit Cingillioglu,0
ACE662,APE662a,Glenn Dubin,0
ACE665,APE665a,Joe Lewis,0
ACE666,APE666a,Dimitri Mavrommatis,0
ACE669,APE669a,María Asunción Aramburuzabala,0
ACE671,APE671a,Grässlin Family,0
ACE674,APE674a,Hugo Jung,0
ACE676,APE676a,Pierre Lagrange,0
ACE681,APE681a,Dmitry Rybolovlev,0
ACE683,APE683a,Julia Stoschek,0
ACE685,APE685a,Budi Tek,0
ACE686,APE686a,Sheikha Al Mayassa bint Hamad bin Khalifa Al Thani,0
ACE690,APE690a,Len Blavatnik,0
ACE691,APE691a,Richard Chang,0
ACE692,APE692a,Thomas Chao,0
ACE694,APE694a,Carl Gustaf Ehrnrooth,0
ACE695,APE695a,Alan Howard,0
ACE698,APE698a,Leonid Mikhelson,0
ACE699,APE699a,Takeo Obayashi,0
ACE700,APE700a,Daniel Och,0
ACE702,APE702a,Qiao Zhibing,0
ACE704,APE704a,Yang Bin,0
ACE705,APE705a,Candace Carmel Barasch,0
ACE706,APE706a,Nicolas Berggruen,0
ACE707,APE707a,Ernesto Bertarelli,0
ACE708,APE708a,Christian Bührle,0
ACE709,APE709a,Edouard Carmignac,0
ACE711,APE711a,Kemal Has Cingillioglu,0
ACE713,APE713a,Tiqui Atencio Demirdjian,0
ACE716,APE716a,Lawrence J. Ellison,0
ACE720,APE720a,Thomas Lau,0
ACE721,APE721a,Jho Low,0
ACE722,APE722a,Maramotti Family,0
ACE725,APE725a,Stephen Ross,0
ACE727,APE727a,Joseph Safra,0
ACE728,APE728a,Thomas Shao,0
ACE731,APE731a,Wang Jianlin,0
ACE732,APE732a,Charlotte Colket Weber,0
ACE733,APE733a,Elaine Wynn,0
ACE736,APE736a,Adrian Cheng,0
ACE737,APE737a,Leonardo DiCaprio,0
ACE738,APE738a,George Economou,0
ACE740,APE740a,Maja Hoffmann,0
ACE742,APE742a,Viatcheslav Moshe Kantor,0
ACE743,APE743a,Ananda Krishnan,0
ACE744,APE744a,Grażyna Kulczyk,0
ACE750,APE750a,Sultan Sooud Al Qassemi,0
ACE751,APE751a,Bob Rennie,0
ACE753,APE753a,Rubell Family,0
ACE756,APE756a,Suh Kyung-Bae,0
ACE758,APE758a,Sheikh Hamad bin Jassim bin Jaber Al Thani,0
ACE759,APE759a,Wang Zhongjun,0
ACE760,APE760a,Haryanto Adikoesoemo,0
ACE762,APE762a,Fisher Family,0
ACE764,APE764a,Danny Goldberg,0
ACE766,APE766a,Guy Laliberté,0
ACE767,APE767a,Li Lin,0
ACE768,APE768a,Jack Ma,0
ACE769,APE769a,Yusaku Maezawa,0
ACE771,APE771a,Steve Tisch,0
ACE774,APE774a,Roman Abramovich,0
ACE775,APE775a,Mohammed Afkhami,0
ACE777,APE777a,Laurent Asscher,0
ACE781,APE781a,Botín Family,0
ACE783,APE783a,Lonti Ebers,0
ACE784,APE784a,Eisenberg Family,0
ACE788,APE788a,Cheech Marin,0
ACE789,APE789a,Niarchos Family,0
ACE790,APE790a,Augusto Perfetti,0
ACE791,APE791a,Jochen Zeitz,0
ACE793,APE793a,Alfonso de Angoitia Noriega,0
ACE794,APE794a,Suzanne Deal Booth,0
ACE796,APE796a,Nicola Erni,0
ACE797,APE797a,Heidi Goëss-Horten,0
ACE798,APE798a,Bernardo Gómez Martínez,0
ACE801,APE801a,Petch Osathanugrah,0
ACE803,APE803a,Laurene Powell Jobs,0
ACE804,APE804a,Lisa Reuben,0
ACE808,APE808a,Wang Bing,0
ACE809,APE809a,Pedro Barbosa,0
ACE810,APE810a,David Booth,0
ACE811,APE811a,Miguel Chang,0
ACE812,APE812a,Edmund Cheng,0
ACE816,APE816a,Charlotte Feng Ford,0
ACE817,APE817a,Larry Fink,0
ACE818,APE818a,Jeffrey Gundlach,0
ACE820,APE820a,Yasuharu Ishikawa,0
ACE821,APE821a,Ömer Koç,0
ACE822,APE822a,Barry Lam,0
ACE823,APE823a,Victor Ma,0
ACE825,APE825a,Louis Norval,0
ACE828,APE828a,Paul Raether,0
ACE829,APE829a,Gordon Schachat,0
ACE830,APE830a,Alexander Tedja,0
ACE832,APE832a,Robert Tsao,0
ACE835,APE835a,Wee Cho Yaw,0
ACE836,APE836a,Dasha Zhukova,0
ACE837,APE837a,Jeff Bezos,0
ACE838,APE838a,Troy Carter,0
ACE839,APE839a,Patrick Drahi,0
ACE842,APE842a,He Jianfeng,0
ACE846,APE846a,Eyal Ofer,0
ACE850,APE850a,Robert Soros,0
ACE852,APE852a,Jon Brooks,0
ACE853,APE853a,Jeff Markley,0
ACE854,APE854a,Danny Rimer,0
ACE860,APE860a,Yan Du,0
ACE861,APE861a,Jenny Yeh,0
