an_entry_id,clctr_name,is_couple
ACE1,Zenko Adachi,0
ACE2,Giovanni Agnelli,0
ACE3,Muhammed al-Tajir,0
ACE4,James and Marilyn Alsdorf,1
ACE5,Arthur G. Altschul,0
ACE6,Thomas Ammann,0
ACE7,Harry W. and Mary Margaret Anderson,1
ACE8,Warren Anderson,0
ACE9,Walter H. Annenberg,0
ACE10,B.L Au,0
ACE11,Emilio Azcarraga,0
ACE12,Richard Brown Baker,0
ACE13,Sid Richardson Bass,0
ACE14,Anne Bass,0
ACE15,Audrey Jones Beck,0
ACE16,Heinz Berggruen,0
ACE17,Barry and Gail Berkus,1
ACE18,Silvio Berlusconi,0
ACE19,Claude Berri,0
ACE20,Ernst Beyeler,0
ACE21,Nellie and Carlos Pedro Blaquier,1
ACE22,Martin Blinder,0
ACE23,Marion and Henry W. Bloch,1
ACE24,George and Mary Bloch,1
ACE25,Eric and Silvie Boissonnas,1
ACE26,Alan Bond,0
ACE27,Janet Green,0
ACE28,Marcel and Gisèle Boulois,1
ACE29,William Bowmore,0
ACE30,Irma and Norman Braman,1
ACE31,Donald Leroy Bren,0
ACE32,Edythe L. and Eli Broad,1
ACE33,Edward Broida,0
ACE34,Lothar-Günther Buchheim,0
ACE35,Miguel Capriles,0
ACE36,Edward Carter,0
ACE37,Gerald Chan,0
ACE38,Alberto Chateaubriand,0
ACE39,Wendell Cherry,0
ACE40,Jay Chiat,0
ACE41,Patricia Phelps de Cisneros and Gustavo A. Cisneros,1
ACE42,Lillian Clark,0
ACE43,Robert Holmes à Court,0
ACE44,Douglas S. Cramer,0
ACE45,Herman Daled,0
ACE46,Werner and Elaine Dannheisser,1
ACE47,Bruce Dayton,0
ACE48,Thomas and Francis Dittmer,1
ACE49,"Edward R. Downe, Jr.",0
ACE50,Denyse and Philippe Durand-Ruel,1
ACE51,Asher Edelman,0
ACE52,Stefan T. Edlis and Gael Neeson,1
ACE53,Gerald Elliott,0
ACE54,Robert Ellsworth,0
ACE55,Georges Embiricos,0
ACE56,James O. Fairfax,0
ACE57,Lord Thomson of Fleet,0
ACE58,Gert Rudolf Flick,0
ACE59,Amalia Lacroze de Fortabat,0
ACE60,Giorgio Franchetti,0
ACE61,"Jo Ann and Julian Ganz, Jr.",1
ACE62,David Geffen,0
ACE63,Jacques Gelman,0
ACE64,Beatrice and Philip Gersh,1
ACE65,J. Paul Getty II,0
ACE66,"Alfred C. Glassell, Jr.",0
ACE67,Carol and Arthur Goldberg,1
ACE68,Isabel Goldsmith,0
ACE69,Giuliano Gori,0
ACE70,John Goulandris,0
ACE71,Graham Gund,0
ACE72,Agnes Gund,0
ACE73,Marie and Hugh Halff,1
ACE74,Robert Halff,0
ACE75,Armand Hammer *deceased as we went to press,0
ACE76,Toshio Hara,0
ACE77,Bette and Neison Harris,1
ACE78,Henry John Heinz III,0
ACE79,Annick and Anton Herbert,1
ACE80,Donald Hess,0
ACE81,William and Anne Hokin,1
ACE82,Margaret and Raymond Horowitz,1
ACE83,Richard E. Jacobs,0
ACE84,Barbara Jakobson,0
ACE85,Dakis Joannou,0
ACE86,Philip Johnson,0
ACE87,Barbara Piasecka Johnson,0
ACE88,Samuel Josefowitz,0
ACE89,Nicole Jullien Mattei,0
ACE90,Shegeki Kameyama,0
ACE91,Takuji Kato,0
ACE92,George and Linda Kaufman,1
ACE93,Ann and Gilbert H. Kinney,1
ACE94,Frederick Koch,0
ACE95,William Koch,0
ACE96,Robert Kogod,0
ACE97,Henry R. Kravis and Carolyne Roehm,1
ACE98,David Lloyd Kreeger,0
ACE99,Sotaro Kubo,0
ACE100,Hideo Kurita,0
ACE101,Henryk de Kwiatkowski,0
ACE102,Yolanda Garza Laguera,0
ACE103,Leonard A. Lauder,0
ACE104,Ronald S. Lauder,0
ACE105,Raymond Learsy,0
ACE106,Gerhard Lenz,0
ACE107,K.S. Lo,0
ACE108,Peter Ludwig,0
ACE109,Linda and Harry Macklowe,1
ACE110,Susan and Lewis Manilow,1
ACE111,Richard Manoogian,0
ACE112,Martin Z. Margulies,0
ACE113,Annie Windfohr Marion,0
ACE114,Donald B. Marron,0
ACE115,Steve Martin,0
ACE116,Erich Marx,0
ACE117,Roger Mazarguil,0
ACE118,Lord Alister McAlpine,0
ACE119,Margaret McDermott,0
ACE120,Paul and Rachel Mellon,1
ACE121,Christophe de Menil,0
ACE122,Dominique de Menil,0
ACE123,Georges de Menil,0
ACE124,Philippa de Menil,0
ACE125,Adelaide de Menil,0
ACE126,François de Menil,0
ACE127,Jane and Robert Meyerhoff,1
ACE128,Robert and Adrian Mnuchin,1
ACE129,José Mugrabi,0
ACE130,Karl-Heinrich Müller,0
ACE131,Henri Nannen,0
ACE132,Raymond Nasher,0
ACE133,Rose Newman,0
ACE134,Stavros Niarchos,0
ACE135,Eileen and Peter Norton,1
ACE136,Sammy Ofer,0
ACE137,Houn Ohara,0
ACE138,Kiichiro Okano,0
ACE139,Eiji Okwawa,0
ACE140,Paul and Camille Oliver-Hoffmann,1
ACE141,Reinhard Onnasch,0
ACE142,Jaime Ortiz-Patiño,0
ACE143,Michael Ovitz,0
ACE144,Max Palevsky,0
ACE145,Peter Palumbo,0
ACE146,Giuseppe Panza di Biumo,0
ACE147,Jacques Poulge,0
ACE148,Etsuko and Joe D. Price,1
ACE149,Jay Arthur Pritzker,0
ACE150,Joseph Pulitzer,0
ACE151,Joe Rank,0
ACE152,Robert Gore Rifkind,0
ACE153,Renee Rivkin,0
ACE154,Frederik Roos,0
ACE155,Jacob Rothschild,0
ACE156,Robert Rowan,0
ACE157,Charles Saatchi,0
ACE158,Sir Robert and Lady Sainsbury,1
ACE159,Tokichi Sakai,0
ACE160,Fayez Sarofim,0
ACE161,Denise and Andrew M. Saul,1
ACE162,Otto Schäfer,0
ACE163,John Schaeffer,0
ACE164,Eugene and Barbara Schwartz,1
ACE165,Joel and Anne Seydoux,1
ACE166,Norton Simon,0
ACE167,Yannis Sistovaris,0
ACE168,Joshua P. Smith,0
ACE169,Robert H. Smith,0
ACE170,Nathan and Marion Smooke,1
ACE171,Victor and Loti Smorgon,1
ACE172,Sheldon Solow,0
ACE173,Reiner Speck,0
ACE174,Emily and Jerry Spiegel,1
ACE175,Ray Stark,0
ACE176,Saul and Gayfryd Steinberg,1
ACE177,Leonard N. Stern,0
ACE178,Hans-Hermann Stober,0
ACE179,Stephen Swid,0
ACE180,Yeung Wing Tak,0
ACE181,Masahiro Takano,0
ACE182,A. Alfred Taubman,0
ACE183,Daniel Terra,0
ACE184,Hiroshi Teshigahara,0
ACE185,Hans Thulin,0
ACE186,Baroness Carmen and Baron Hans Heinrich Thyssen-Bornemisza,1
ACE187,Robert Tobin,0
ACE188,T. T. Tsui,0
ACE189,Robert Vivian,0
ACE190,Dorothy and Herbert Vogel,1
ACE191,Joel Wachs,0
ACE192,Jack Warner,0
ACE193,John Weber,0
ACE194,Frederick R. Weisman,0
ACE195,Marcia Weisman,0
ACE196,Leslie Herbert Wexner,0
ACE197,Ian Woodner,0
ACE198,Virginia and Bagley Wright,1
ACE199,Jayne Wrightsman,0
ACE200,Lucio Amelio,0
ACE201,Plácido Arango,0
ACE202,B. Gerald and Iris Cantor,1
ACE203,Marshall S. and Maureen Cogan,1
ACE204,Hélène and Michel Alexandre David-Weill,1
ACE205,Alain Delon,0
ACE206,Daniel Filipacchi,0
ACE207,Chang Tien Ge,0
ACE208,Alex Goulandris,0
ACE209,Basil Goulandris,0
ACE210,Hikonobu Ise,0
ACE211,Katsumi Kawamura,0
ACE212,William Lane,0
ACE213,Joseph Lau,0
ACE214,Micheline Maus,0
ACE215,William Miller,0
ACE216,Tsai Chen Nan,0
ACE217,Masao Nangaku,0
ACE218,Victoria and Samuel I. Newhouse Jr.,1
ACE219,Elie de Rothschild,0
ACE220,Eric de Rothschild,0
ACE221,Ryoei Saito,0
ACE222,Marianne and Alan Schwartz,1
ACE223,Urs Schwartzenbach,0
ACE224,Tsukasa Shishima,0
ACE225,Stuart and Judy Spence,1
ACE226,David Thomson,0
ACE227,Jean Alvarez de Tolédo,0
ACE228,Lois Torf,0
ACE229,Tomonori Tsurumaki,0
ACE230,Sieji Tsutsumi,0
ACE231,Klaus Turbon,0
ACE232,Roberto T. Villanueva,0
ACE233,Hartmut and Silvia Ackermeier,1
ACE234,Jan Ahlers,0
ACE235,Marilynn Alsdorf,0
ACE236,Hans Rasmus Astrup,0
ACE237,Annibale Berlingieri,0
ACE238,Nelson Blitz Jr. and Catherine Woodard,1
ACE239,Janet and Gilbert de Botton,1
ACE240,Gérard and Anne-Marie Boulois,1
ACE241,Edward and Hannah Carter,1
ACE242,Gilberto Chateaubriand,0
ACE243,Paul Desmarais,0
ACE244,Marvin and Janet Fishman,1
ACE245,Marie-Françoise and Gilles Fuchs,1
ACE246,Hans Grothe,0
ACE247,Jacques and Marta Hachuel,1
ACE248,Michael Hornstein,0
ACE249,Jean Christophe and Nicole Julian,1
ACE250,Kwee Liong Keng,0
ACE251,John Kluge,0
ACE252,Richard and Barbara Lane,1
ACE253,Robert Lehrman,0
ACE254,Arthur Lim,0
ACE255,Luella Maslon,0
ACE256,Jan and Frederick Mayer,1
ACE257,Carlo Monzino,0
ACE258,Raymond D. Nasher,0
ACE259,George Ortiz,0
ACE260,"Joseph Pulitzer, Jr.",0
ACE261,J.R. Ritman,0
ACE262,Betty and Isaac Rudman,1
ACE263,Dieter Scharf,0
ACE264,Walther Scharf,0
ACE265,Peter Sharp,0
ACE266,Kenneth Thomson,0
ACE267,George Ti,0
ACE268,Susie Tompkins,0
ACE269,Seiji Tsutsumi,0
ACE270,Thurston and Laila Twigg-Smith,1
ACE271,Carl and Carin Vogel,1
ACE272,Thomas Walther,0
ACE273,John and Charlotte Weber,1
ACE274,Leon Levy and Shelby White,1
ACE275,Wayne Wrightsman,0
ACE276,Juan Abelló,0
ACE277,Frits and Agnes Becht,1
ACE278,Marchesa Marida and Marchese Annibale Berlingieri,1
ACE279,Christiaan Braun,0
ACE280,"Sultan Haji Hassanal Bolkiah, Sultan of Brunei",0
ACE281,Miguel Angel and Magaly Capriles,1
ACE282,Ignacio Cobo,0
ACE283,Edward Cox,0
ACE284,Elaine Dannheisser,0
ACE285,Barney Ebsworth,0
ACE286,Doris and Donald Fisher,1
ACE287,Franz Josef and Hans van der Grinten,1
ACE288,Bob Guccione,0
ACE289,Ydessa Hendeles,0
ACE290,Rolf and Erika Hoffman,1
ACE291,David and Audrey Mirvish,1
ACE292,Peter Moores,0
ACE293,Jean-Pierre Moueix,0
ACE294,Jorge Ortiz-Patiño,0
ACE295,Marie-Thérèse and Alain-Dominique Perrin,1
ACE296,Jesús de Polanco and Mariluz Barreiros,1
ACE297,Véronique and Louis-Antoine Prat,1
ACE298,David and Peggy Rockefeller,1
ACE299,Mera and Donald Rubell,1
ACE300,Martijn Sanders,0
ACE301,Pieter Sanders,0
ACE302,Wilhelm Schürmann,0
ACE303,Marion Smooke,0
ACE304,Joey and Toby Tanenbaum,1
ACE305,Daniel and Judith Terra,1
ACE306,Martin Visser,0
ACE307,Andrew Lloyd Webber,0
ACE308,Reba and Dave H. Williams,1
ACE309,George and Maida Abrams,1
ACE310,Angelo Baldessari,0
ACE311,Monique and Jean Paul Barbier-Mueller,1
ACE312,Mary Livingston Griggs Burke,0
ACE313,Vivian and David Campbell,1
ACE314,Attilo Codognato,0
ACE315,Karen Cohen,0
ACE316,Jeffrey E. Horvitz,0
ACE317,Harry Hyams,0
ACE318,Stephane Janssen,0
ACE319,Sam Josefowitz,0
ACE320,Carrie and Robert Lehrman,1
ACE321,Ann and Ron Pizzuti,1
ACE322,John and Kimiko Powers,1
ACE323,Lila and Gilbert B. Silverman,1
ACE324,Robert Sosnick,0
ACE325,Maria Nieves Noriega de Autrey and Sergio Autrey,1
ACE326,David and Frederick Barclay,1
ACE327,Clyde and Karin Beswick,1
ACE328,John and Frances Garland Bowes,1
ACE329,Rosa and Carlos de la Cruz,1
ACE330,Kenneth and Judy Dayton,1
ACE331,Anne and Joel S. Ehrenkranz,1
ACE332,Baron Giorgio Franchetti,0
ACE333,Anna and Josef Froehlich,1
ACE334,Soichiro Fukutake,0
ACE335,Marsha and Jay Glazer,1
ACE336,Martine and Didier Guichard,1
ACE337,Jorge S. Helft,0
ACE338,Mauro Herlitzka,0
ACE339,Michal and Renata Hornstein,1
ACE340,Morton L. and Linda Janklow,1
ACE341,Simon Kwan,0
ACE342,Emily Fisher Landau,0
ACE343,Barbara and Jon Landau,1
ACE344,Thomas H. Lee and Ann Tenenbaum,1
ACE345,Peter and Irene Ludwig,1
ACE346,Ida and Achille Maramotti,1
ACE347,Michael and Judy Ovitz,1
ACE348,Lord Peter Palumbo,0
ACE349,Ronald O. Perelman,0
ACE350,François Pinault,0
ACE351,Sainsbury Family,0
ACE352,Ida and Pieter Sanders,1
ACE353,Kim Richter Shirley and Jon Shirley,1
ACE354,Carlos Slim Helú,0
ACE355,Blema and Arnold Steinberg,1
ACE356,Eleonore and Michael Stoffel,1
ACE357,Norah and Norman Stone,1
ACE358,Kenneth and Marilyn Thomson,1
ACE359,Mitchell Wolfson,0
ACE360,Reinhold Würth,0
ACE361,Gianni Agnelli,0
ACE362,Thomas and Cristina Bechtler,1
ACE363,Scott Black,0
ACE364,Nicola Bulgari,0
ACE365,Eduardo F. Costantini,0
ACE366,Joseph Goldyne and Deborah Sperry Goldyne,1
ACE367,Esther Grether,0
ACE368,Manfred Heiting,0
ACE369,Marieluise Hessel,0
ACE370,Graham Kirkham,0
ACE371,Richard and Pamela Kramlich,1
ACE372,Baroness Marion and Baron Philippe Lambert,1
ACE373,Peter Lewis,0
ACE374,Werner Merzbacher,0
ACE375,George and Lee Ann Roberts,1
ACE376,David Rockefeller,0
ACE377,Robert Smith,0
ACE378,Jeffrey Steiner,0
ACE379,Donna and Howard S. Stone,1
ACE380,Charles Tabachnick,0
ACE381,Paul Allen,0
ACE382,Hortense Anda-Bührle,0
ACE383,John P. Axelrod,0
ACE384,Dieter Bührle,0
ACE385,Debra and Leon Black,1
ACE386,Herbert Black,0
ACE387,David Bowie and Iman,1
ACE388,Joop van Caldenborgh,0
ACE389,Lloyd Cotsen,0
ACE390,Prodromus Emfietzoglou,0
ACE391,Joseph Hackmey,0
ACE392,Daniel Hechter,0
ACE393,Robert Hiscox,0
ACE394,Carl Icahn,0
ACE395,Audrey Irmas,0
ACE396,John Kaldor,0
ACE397,"Bebe and R. Crosby Kemper, Jr.",1
ACE398,Robert P. Kogod,0
ACE399,Werner Kramarsky,0
ACE400,Myron Kunin,0
ACE401,Elisabeth and Rudolf Leopold,1
ACE402,Joseph Lewis,0
ACE403,Denis Logothetis,0
ACE404,Irene Ludwig,0
ACE405,Masula and Harry Mannil,1
ACE406,Dinos Martinos,0
ACE407,Gabrielle and Werner Merzbacher,1
ACE408,Arendt Oetker,0
ACE409,Wafic Said,0
ACE410,Rudolf Scharpf,0
ACE411,David Tang,0
ACE412,Robert L. B. Tobin,0
ACE413,José Luis Várez Fisa,0
ACE414,Thomas W. Weisel,0
ACE415,Charles and Jayne Wrightsman,1
ACE416,Bruce Bailey,0
ACE417,Frances Bowes,0
ACE418,Anette and Udo Brandhorst,1
ACE419,Edward R. Broida,0
ACE420,Donald L. Bryant Jr.,0
ACE421,Blake Byrne,0
ACE422,Constance Caplan,0
ACE423,Frances Dittmer,0
ACE424,Ulla Dreyfus-Best,0
ACE425,Aaron I. Fleischman,0
ACE426,Ingvild Goetz,0
ACE427,Mimi and Peter Haas,1
ACE428,Jean Hamon,0
ACE429,Samuel Heyman,0
ACE430,Erika Hoffmann,0
ACE431,Renata and Michal Hornstein,1
ACE432,Joseph Hotung,0
ACE433,Elsa and Theo Hotz,1
ACE434,Uri Knecht,0
ACE435,Evelyn and Leonard Lauder,1
ACE436,Jo Carole and Ronald S. Lauder,1
ACE437,Vicki and Kent Logan,1
ACE438,Eugenio López Alonso,0
ACE439,Rachel and Paul Mellon,1
ACE440,Robert Miller,0
ACE441,Jan Mitchell,0
ACE442,Michimasa Murauchi,0
ACE443,Maja Oeri,0
ACE444,Judy and Michael Ovitz,1
ACE445,Mary and John Pappajohn,1
ACE446,Kimiko Powers,0
ACE447,Leonard Riggio,0
ACE448,Lee Ann Roberts,0
ACE449,Inge Rodenstock,0
ACE450,Helen and Charles Schwab,1
ACE451,Anna Marie and Robert Shapiro,1
ACE452,Mary and Jon Shirley,1
ACE453,Jerry I. Speyer and Katherine G. Farley,1
ACE454,Dorie and Paul Sternberg,1
ACE455,Eiichiro Sudo,0
ACE456,Toby and Joey Tanenbaum,1
ACE457,Dean Valentine,0
ACE458,Shelby White,0
ACE459,Nora and Guy Barron,1
ACE460,Cristina and Thomas W. Bechtler-Lanfranconi,1
ACE461,Barbara and Donald L. Bryant Jr.,1
ACE462,Jane and David Davis,1
ACE463,Pamela and Barney A. Ebsworth,1
ACE464,Harald Falckenberg,0
ACE465,Friedrich Christian Flick,0
ACE466,Elizabeth and Richard Hedreen,1
ACE467,Ronnie and Samuel Heyman,1
ACE468,Uli Knecht,0
ACE469,Pamela and Richard Kramlich,1
ACE470,Marie-Josée and Henry R. Kravis,1
ACE471,Catie and Donald B. Marron,1
ACE472,Leonardo Mondadori,0
ACE473,Jacqueline and Philippe Nordmann,1
ACE474,Louise and Leonard Riggio,1
ACE475,Kathy and Keith Sachs,1
ACE476,Judy and Michael H. Steinhardt,1
ACE477,Norman Stone,0
ACE478,Tsuneshi Suzuki,0
ACE479,Barbara and Ted Alfond,1
ACE480,Philip Anschutz,0
ACE481,Sylvie and Claude Berri,1
ACE482,Udo Brandhorst,0
ACE483,Melinda and Bill Gates,1
ACE484,Yu Gi-chung,0
ACE485,Marguerite Hoffman,0
ACE486,Frank Huang,0
ACE487,Elton John,0
ACE488,Alicia Koplowitz,0
ACE489,Minoru Mori,0
ACE490,Jack Nicholson,0
ACE491,Emily Rauh Pulitzer,0
ACE492,Ellen and Michael Ringier,1
ACE493,Sharon and Jay Rockefeller,1
ACE494,Jeannette and Martijn Sanders,1
ACE495,Stephan Schmidheiny,0
ACE496,Ruth and Richard Shack,1
ACE497,Margaret and Terry Stent,1
ACE498,Ricard Akagawa,0
ACE499,Bernard Arnault,0
ACE500,Dimitris Daskalopoulos,0
ACE501,Valerie and Charles Diker,1
ACE502,"George Lindemann, Jr.",0
ACE503,Peter H. and Paula Lunder,1
ACE504,Philip S. Niarchos,0
ACE505,Peter Norton,0
ACE506,Giovanna and Giuseppe Panza di Biumo,1
ACE507,Scott Rudin,0
ACE508,Marieke and Pieter Sanders,1
ACE509,Ute and Rudolf Scharpff,1
ACE510,Chara Schreyer,0
ACE511,B. Z. and Michael Schwartz,1
ACE512,Sheikh Saud bin Mohammad bin Ali al-Thani,0
ACE513,Nancy and Philip Anschutz,1
ACE514,Steven A. Cohen,0
ACE515,Sandra and Gerald Fineberg,1
ACE516,Maxine and Stuart Frankel,1
ACE517,David Ganek,0
ACE518,John Paul Getty II,0
ACE519,Janine and J. Tomilson Hill,1
ACE520,Roberto Marinho,0
ACE521,Anne and John Marion,1
ACE522,Bernardo Paz,0
ACE523,Cindy and Howard Rachofsky,1
ACE524,Mitchell Rales,0
ACE525,Tsuneo and Eiichiro Sudo,1
ACE526,Beth Swofford,0
ACE527,Ruth and William True,1
ACE528,Jose Manuel Berardo,0
ACE529,Lilian Bettencourt,0
ACE530,Annette and Udo Brandhorst,1
ACE531,Melva Bucksbaum and Raymond Learsy,1
ACE532,James Clark,0
ACE533,Paolo Consolandi,0
ACE534,The Garza Sada family,0
ACE535,Danielle and David Ganek,1
ACE536,Laurence Graff,0
ACE537,Susan and Michael Hort,1
ACE538,Nasser David Khalili,0
ACE539,Jeanne and Michael L. Klein,1
ACE540,Sarah-Ann and Werner H. Kramarsky,1
ACE541,Jill and Peter Kraus,1
ACE542,Michael Lynne,0
ACE543,Sherry and Joel Mallin,1
ACE544,Carol and Stewart Rahr,1
ACE545,Patrizia Sandretto Re Rebaudengo,0
ACE546,Sakip Sabanci,0
ACE547,Alain Wertheimer,0
ACE548,Abigail and Leslie H. Wexner,1
ACE549,Frank Cohen,0
ACE550,Kenneth C. Griffin and Anne Dias,1
ACE551,Garza Sada Family,0
ACE552,Anne and Jerome Fisher,1
ACE553,Antoine de Galbert,0
ACE554,Barbara Lee,0
ACE555,Ninah and Michael Lynne,1
ACE556,Susan and John Magnier,1
ACE557,Lester Marks,0
ACE558,Elizabeth and Harvey Plotnick,1
ACE559,Steven Rales,0
ACE560,Lily Safra,0
ACE561,Adam D. Sender,0
ACE562,Francesca Thyssen-Bornemisza,0
ACE563,Leonora and Jimmy Belilty,1
ACE564,Frieder Burda,0
ACE565,Monique and Max Burger,1
ACE566,Cherryl and Frank Cohen,1
ACE567,Beth Rudin DeWoody,0
ACE568,Glenn R. Fuhrman,0
ACE569,Kathleen and Richard S. Fuld Jr.,1
ACE570,Ann and Graham Gund,1
ACE571,Margrit and Paul Hahnloser,1
ACE572,Adam Lindemann and Amalia Dayan,1
ACE573,Margaret Munzer Loeb and Daniel S. Loeb,1
ACE574,Frances G. and James W. McGlothlin,1
ACE575,Henry S. McNeil,0
ACE576,Julie and Edward J. Minskoff,1
ACE577,Thomas Olbricht,0
ACE578,Marsha and Jeffrey Perelman,1
ACE579,Miuccia Prada and Patrizio Bertelli,1
ACE580,Lisa and John A. Pritzker,1
ACE581,Louisa Stude Sarofim,0
ACE582,Tatsumi Sato,0
ACE583,Juan Antonio Perez Simon,0
ACE584,Peter Simon,0
ACE585,Gayle Stoffel,0
ACE586,Lauren and Benedikt Taschen,1
ACE587,Alice Walton,0
ACE588,Elaine and Stephen A. Wynn,1
ACE589,Hélène and Bernard Arnault,1
ACE590,Maria Arena Bell and William Bell Jr.,1
ACE591,Karen and Christian Boros,1
ACE592,Mary Griggs Burke,0
ACE593,Peggy and Ralph Burnet,1
ACE594,Kim Chang-il,0
ACE595,Ella Fontanals-Cisneros,0
ACE596,Michael Crichton,0
ACE597,Agnes and Karlheinz Essl,1
ACE598,Geraldine and Noam Gottesman,1
ACE599,Mania and Bernhard Hahnloser,1
ACE600,Christine and Andrew Hall,1
ACE601,Prince Hans-Adam II von und zu Liechtenstein,0
ACE602,Cindy and Alan Horn,1
ACE603,Marc Landeau,0
ACE604,Anneliese and Gerhard Lenz,1
ACE605,Jane and Richard Manoogian,1
ACE606,Aby J. Rosen,0
ACE607,Lisa and Steve Tananbaum,1
ACE608,David Teiger,0
ACE609,Neil G. Bluhm,0
ACE610,Mickey Cartin,0
ACE611,Eileen and Michael Cohen,1
ACE612,Kenneth C. Griffin,0
ACE613,Nathalie and Charles de Gunzburg,1
ACE614,Deedie and Rusty Rose,1
ACE615,Eric Schmidt,0
ACE616,Dana and Jim Tananbaum,1
ACE617,Roman Abramovich and Dasha Zhukova,1
ACE618,Peter M. Brant,0
ACE619,"Robert H., Jereann H., and Holland Chaney",1
ACE620,Frank J. Fertitta III and Lorenzo Fertitta,1
ACE621,Diane and Bruce Halle,1
ACE622,Damien Hirst,0
ACE623,Mimi and Filiep Libeert,1
ACE624,David Martinez,0
ACE625,Victor Pinchuk,0
ACE626,Lynda and Stewart Resnick,1
ACE627,Myriam and Guy Ullens,1
ACE628,Maria Baibakova and Oleg Baybakov,1
ACE629,Marijke and Willem Cordia,1
ACE630,Edward “Ned” Johnson III,0
ACE631,Ingrid and Hugo Jung,1
ACE632,Nancy and Robert Magoon,1
ACE633,Susan and Larry Marx,1
ACE634,Hubert Neumann,0
ACE635,Amy and John Phelan,1
ACE636,Penny Pritzker and Bryan Traubert,1
ACE637,Lenore and Adam Sender,1
ACE638,Uli Sigg,0
ACE639,Eric Smidt,0
ACE640,Iris and Matthew Strauss,1
ACE641,Robbi and Bruce E. Toll,1
ACE642,Stephen A. Wynn,0
ACE643,Laura and John Arnold,1
ACE644,Cees and Inge de Bruin-Heijn,1
ACE645,Alexandra and Steven A. Cohen,1
ACE646,Philippe Decelle,0
ACE647,Ovitz family,0
ACE648,Amanda and Glenn R. Fuhrman,1
ACE649,Noam Gottesman,0
ACE650,Catherine and Pierre Lagrange,1
ACE651,Paula and Peter H. Lunder,1
ACE652,John S. Middleton,0
ACE653,Emily and Mitchell Rales,1
ACE654,Princess Gloria von Thurn und Taxis,0
ACE655,Walter Vanhaerents,0
ACE656,Barbara and John Vogelstein,1
ACE657,Susan Weber,0
ACE658,Tadashi Yanai,0
ACE659,Bettina and Donald L. Bryant Jr.,1
ACE660,Pierre Chen,0
ACE661,Halit Cingillioglu,0
ACE662,Glenn Dubin,0
ACE663,Suna and Inan Kiraç,1
ACE664,Liz and Eric Lefkofsky,1
ACE665,Joe Lewis,0
ACE666,Dimitri Mavrommatis,0
ACE667,Edith and Mark Vanmoerkerke,1
ACE668,Shelley Fox Aarons and Philip E. Aarons,1
ACE669,María Asunción Aramburuzabala,0
ACE670,Caryl and Israel Englander,1
ACE671,Grässlin Family,0
ACE672,Florence and Daniel Guerlain,1
ACE673,Barbara and Axel Haubrok,1
ACE674,Hugo Jung,0
ACE675,Alison and Peter W. Klein,1
ACE676,Pierre Lagrange,0
ACE677,Barbara and Aaron Levine,1
ACE678,Pamela and Jarl Mohn,1
ACE679,Rose-Marie and Eijk van Otterloo,1
ACE680,Heather and Tony Podesta,1
ACE681,Dmitry Rybolovlev,0
ACE682,Christiane Schaufler-Münch and Peter Schaufler,1
ACE683,Julia Stoschek,0
ACE684,Sylvia and Ulrich Ströher,1
ACE685,Budi Tek,0
ACE686,Sheikha Al Mayassa bint Hamad bin Khalifa Al Thani,0
ACE687,Jane and Robert Toll,1
ACE688,Wang Wei and Liu Yiqian,1
ACE689,Jutta and Siegfried Weishaupt,1
ACE690,Len Blavatnik,0
ACE691,Richard Chang,0
ACE692,Thomas Chao,0
ACE693,Robert and Renee Drake,1
ACE694,Carl Gustaf Ehrnrooth,0
ACE695,Alan Howard,0
ACE696,Steven Latner and Michael Latner,1
ACE697,Maurice Marciano and Paul Marciano,1
ACE698,Leonid Mikhelson,0
ACE699,Takeo Obayashi,0
ACE700,Daniel Och,0
ACE701,Andrea and José Olympio Pereira,1
ACE702,Qiao Zhibing,0
ACE703,Vicki and Roger Sant,1
ACE704,Yang Bin,0
ACE705,Candace Carmel Barasch,0
ACE706,Nicolas Berggruen,0
ACE707,Ernesto Bertarelli,0
ACE708,Christian Bührle,0
ACE709,Edouard Carmignac,0
ACE710,Trudy and Paul Cejas,1
ACE711,Kemal Has Cingillioglu,0
ACE712,Isabel and Agustín Coppel,1
ACE713,Tiqui Atencio Demirdjian,0
ACE714,Mitzi and Warren Eisenberg,1
ACE715,Rebecca and Martin Eisenberg,1
ACE716,Lawrence J. Ellison,0
ACE717,Susan and Leonard Feinstein,1
ACE718,Marilyn and Larry Fields,1
ACE719,Christy and Bill Gautreaux,1
ACE720,Thomas Lau,0
ACE721,Jho Low,0
ACE722,Maramotti Family,0
ACE723,Raymond J. McGuire and Crystal McCrary,1
ACE724,Tom and Margot Pritzker,1
ACE725,Stephen Ross,0
ACE726,Hilary and Wilbur L. Ross Jr.,1
ACE727,Joseph Safra,0
ACE728,Thomas Shao,0
ACE729,Elizabeth and Frederick Singer,1
ACE730,Susana and Ricardo Steinbruch,1
ACE731,Wang Jianlin,0
ACE732,Charlotte Colket Weber,0
ACE733,Elaine Wynn,0
ACE734,Anita and Poju Zabludowicz,1
ACE735,James Keith (JK) Brown and Eric Diefenbach,1
ACE736,Adrian Cheng,0
ACE737,Leonardo DiCaprio,0
ACE738,George Economou,0
ACE739,Yassmin and Sasan Ghandehari,1
ACE740,Maja Hoffmann,0
ACE741,Hong Ra-hee and Lee Kun-hee,1
ACE742,Viatcheslav Moshe Kantor,0
ACE743,Ananda Krishnan,0
ACE744,Grażyna Kulczyk,0
ACE745,Nina and Frank Moore,1
ACE746,Catriona and Simon Mordant,1
ACE747,Genny and Selmo Nissenbaum,1
ACE748,Lisa and Richard Perry,1
ACE749,Sabine and Hasso Plattner,1
ACE750,Sultan Sooud Al Qassemi,0
ACE751,Bob Rennie,0
ACE752,Linnea Conrad Roberts and George Roberts,1
ACE753,Rubell Family,0
ACE754,Elham and Tony Salamé,1
ACE755,Nadia and Rajeeb Samdani,1
ACE756,Suh Kyung-Bae,0
ACE757,Brett and Daniel S. Sundheim,1
ACE758,Sheikh Hamad bin Jassim bin Jaber Al Thani,0
ACE759,Wang Zhongjun,0
ACE760,Haryanto Adikoesoemo,0
ACE761,Halit Cingillioglu and Kemal Has Cingillioglu,1
ACE762,Fisher Family,0
ACE763,Michael C. Forman and Jennifer Rice,1
ACE764,Danny Goldberg,0
ACE765,Pamela J. Joyner and Alfred J. Giuffrida,1
ACE766,Guy Laliberté,0
ACE767,Li Lin,0
ACE768,Jack Ma,0
ACE769,Yusaku Maezawa,0
ACE770,Sheri and Howard Schultz,1
ACE771,Steve Tisch,0
ACE772,Anne and Wolfgang Titze,1
ACE773,Patricia Pearson-Vergez and Juan Vergez,1
ACE774,Roman Abramovich,0
ACE775,Mohammed Afkhami,0
ACE776,Laura Arrillaga-Andreessen and Marc Andreessen,1
ACE777,Laurent Asscher,0
ACE778,Tracey and Bruce R. Berkowitz,1
ACE779,Barbara Bluhm-Kaul and Don Kaul,1
ACE780,Lauren and Mark Booth,1
ACE781,Botín Family,0
ACE782,Estrellita and Daniel Brodsky,1
ACE783,Lonti Ebers,0
ACE784,Eisenberg Family,0
ACE785,Bridgitt and Bruce Evans,1
ACE786,Gabriela and Ramiro Garza,1
ACE787,Petra and Stephen Levin,1
ACE788,Cheech Marin,0
ACE789,Niarchos Family,0
ACE790,Augusto Perfetti,0
ACE791,Jochen Zeitz,0
ACE792,Helen and Sam Zell,1
ACE793,Alfonso de Angoitia Noriega,0
ACE794,Suzanne Deal Booth,0
ACE795,Elizabeth and Phillip Chun,1
ACE796,Nicola Erni,0
ACE797,Heidi Goëss-Horten,0
ACE798,Bernardo Gómez Martínez,0
ACE799,Kelly and Scott Mueller,1
ACE800,Jane and Marc Nathanson,1
ACE801,Petch Osathanugrah,0
ACE802,Cecilia and Ernesto Poma,1
ACE803,Laurene Powell Jobs,0
ACE804,Lisa Reuben,0
ACE805,Komal Shah and Gaurav Garg,1
ACE806,Claire-Anne and Lawrence S. Stroll,1
ACE807,Clara and Joseph C. Tsai,1
ACE808,Wang Bing,0
ACE809,Pedro Barbosa,0
ACE810,David Booth,0
ACE811,Miguel Chang,0
ACE812,Edmund Cheng,0
ACE813,Cecilia and Chung-Kiu “C.K.” Cheung,1
ACE814,Kasseem “Swizz Beatz” Dean and Alicia Keys,1
ACE815,Yael and Gary Fegel,1
ACE816,Charlotte Feng Ford,0
ACE817,Larry Fink,0
ACE818,Jeffrey Gundlach,0
ACE819,Jimmy Iovine and Liberty Ross,1
ACE820,Yasuharu Ishikawa,0
ACE821,Ömer Koç,0
ACE822,Barry Lam,0
ACE823,Victor Ma,0
ACE824,Kiran and Shiv Nadar,1
ACE825,Louis Norval,0
ACE826,Eyal Ofer and Idan Ofer,1
ACE827,Darlene and Jorge M. Pérez,1
ACE828,Paul Raether,0
ACE829,Gordon Schachat,0
ACE830,Alexander Tedja,0
ACE831,Maggie and Richard Tsai,1
ACE832,Robert Tsao,0
ACE833,Josef Vascovitz and Lisa Goodman,1
ACE834,Jenny Jinyuan Wang and Guo Guangchang,1
ACE835,Wee Cho Yaw,0
ACE836,Dasha Zhukova,0
ACE837,Jeff Bezos,0
ACE838,Troy Carter,0
ACE839,Patrick Drahi,0
ACE840,Deirdre and James Dyson,1
ACE841,Cecilie Fredriksen and Kathrine Fredriksen,1
ACE842,He Jianfeng,0
ACE843,Arthur Lewis and Hau Nguyen,1
ACE844,George Lucas and Mellody Hobson,1
ACE845,Bernard Lumpkin and Carmine Boccuzzi,1
ACE846,Eyal Ofer,0
ACE847,Batia and Idan Ofer,1
ACE848,Janelle and Alden Pinnell,1
ACE849,Sara and John Shlesinger,1
ACE850,Robert Soros,0
ACE851,Mei and Allan Warburg,1
ACE852,Jon Brooks,0
ACE853,Jeff Markley,0
ACE854,Danny Rimer,0
ACE855,Katie and Amnon Rodan,1
ACE856,Jaime and Andrew Schwartzberg,1
ACE857,Amy and Leo Shih,1
ACE858,Carl and Marilynn Thoma,1
ACE859,Ric Whitney and Tina Perry-Whitney,1
ACE860,Yan Du,0
ACE861,Jenny Yeh,0
