an_entry_id,an_collector_person_id,clctr_name,is_couple,an_person_id
ACE4,ACPE4a,James Alsdorf,1,APE1
ACE4,ACPE4b,Marilynn Alsdorf,1,APE2
ACE7,ACPE7a,Harry W. Anderson,1,APE3
ACE7,ACPE7b,Mary Margaret Anderson,1,APE4
ACE17,ACPE17a,Barry Berkus,1,APE5
ACE17,ACPE17b,Gail Berkus,1,APE6
ACE21,ACPE21a,Nellie Blaquier,1,APE7
ACE21,ACPE21b,Carlos Pedro Blaquier,1,APE8
ACE23,ACPE23a,Marion Bloch,1,APE9
ACE23,ACPE23b,Henry W. Bloch,1,APE10
ACE24,ACPE24a,George Bloch,1,APE11
ACE24,ACPE24b,Mary Bloch,1,APE12
ACE25,ACPE25a,Eric Boissonnas,1,APE13
ACE25,ACPE25b,Silvie Boissonnas,1,APE14
ACE28,ACPE28a,Marcel Boulois,1,APE15
ACE28,ACPE28b,Gisèle Boulois,1,APE16
ACE30,ACPE30a,Irma Braman,1,APE17
ACE30,ACPE30b,Norman Braman,1,APE18
ACE32,ACPE32a,Edythe L. Broad,1,APE19
ACE32,ACPE32b,Eli Broad,1,APE20
ACE41,ACPE41a,Patricia Phelps de Cisneros,1,APE21
ACE41,ACPE41b,Gustavo A. Cisneros,1,APE22
ACE46,ACPE46a,Werner Dannheisser,1,APE23
ACE46,ACPE46b,Elaine Dannheisser,1,APE24
ACE48,ACPE48a,Thomas Dittmer,1,APE25
ACE48,ACPE48b,Frances Dittmer,1,APE26
ACE50,ACPE50a,Denyse Durand-Ruel,1,APE27
ACE50,ACPE50b,Philippe Durand-Ruel,1,APE28
ACE52,ACPE52a,Stefan T. Edlis Neeson,1,APE29
ACE52,ACPE52b,Gael Neeson,1,APE30
ACE61,ACPE61a,Jo Ann,1,APE31
ACE61,ACPE61b,"Julian Ganz, Jr.",1,APE32
ACE64,ACPE64a,Beatrice Gersh,1,APE33
ACE64,ACPE64b,Philip Gersh,1,APE34
ACE67,ACPE67a,Carol Goldberg,1,APE35
ACE67,ACPE67b,Arthur Goldberg,1,APE36
ACE73,ACPE73a,Marie Halff,1,APE37
ACE73,ACPE73b,Hugh Halff,1,APE38
ACE77,ACPE77a,Bette Harris,1,APE39
ACE77,ACPE77b,Neison Harris,1,APE40
ACE79,ACPE79a,Annick Herbert,1,APE41
ACE79,ACPE79b,Anton Herbert,1,APE42
ACE81,ACPE81a,William Hokin,1,APE43
ACE81,ACPE81b,Anne Hokin,1,APE44
ACE82,ACPE82a,Margaret Horowitz,1,APE45
ACE82,ACPE82b,Raymond Horowitz,1,APE46
ACE92,ACPE92a,George Kaufman,1,APE47
ACE92,ACPE92b,Linda Kaufman,1,APE48
ACE93,ACPE93a,Ann Kinney,1,APE49
ACE93,ACPE93b,Gilbert H. Kinney,1,APE50
ACE97,ACPE97a,Henry R. Kravis,1,APE51
ACE97,ACPE97b,Carolyne Roehm,1,APE52
ACE109,ACPE109a,Linda Macklowe,1,APE53
ACE109,ACPE109b,Harry Macklowe,1,APE54
ACE110,ACPE110a,Susan Manilow,1,APE55
ACE110,ACPE110b,Lewis Manilow,1,APE56
ACE120,ACPE120a,Paul Mellon,1,APE57
ACE120,ACPE120b,Rachel Mellon,1,APE58
ACE127,ACPE127a,Jane Meyerhoff,1,APE59
ACE127,ACPE127b,Robert Meyerhoff,1,APE60
ACE128,ACPE128a,Robert Mnuchin,1,APE61
ACE128,ACPE128b,Adrian Mnuchin,1,APE62
ACE135,ACPE135a,Eileen Norton,1,APE63
ACE135,ACPE135b,Peter Norton,1,APE64
ACE140,ACPE140a,Paul Oliver-Hoffmann,1,APE65
ACE140,ACPE140b,Camille Oliver-Hoffmann,1,APE66
ACE148,ACPE148a,Etsuko Price,1,APE67
ACE148,ACPE148b,Joe D. Price,1,APE68
ACE158,ACPE158a,Sir Robert Sainsbury,1,APE69
ACE158,ACPE158b,Lady Lisa Sainsbury,1,APE70
ACE161,ACPE161a,Denise Saul,1,APE71
ACE161,ACPE161b,Andrew M. Saul,1,APE72
ACE164,ACPE164a,Eugene Schwartz,1,APE73
ACE164,ACPE164b,Barbara Schwartz,1,APE74
ACE165,ACPE165a,Joel Seydoux,1,APE75
ACE165,ACPE165b,Anne Seydoux,1,APE76
ACE170,ACPE170a,Nathan Smooke,1,APE77
ACE170,ACPE170b,Marion Smooke,1,APE78
ACE171,ACPE171a,Victor Smorgon,1,APE79
ACE171,ACPE171b,Loti Smorgon,1,APE80
ACE174,ACPE174a,Emily Spiegel,1,APE81
ACE174,ACPE174b,Jerry Spiegel,1,APE82
ACE176,ACPE176a,Saul Steinberg,1,APE83
ACE176,ACPE176b,Gayfryd Steinberg,1,APE84
ACE186,ACPE186a,Baron Hans Heinrich Thyssen-Bornemisza,1,APE85
ACE186,ACPE186b,Baroness Carmen Thyssen-Bornemisza,1,APE86
ACE190,ACPE190a,Dorothy Vogel,1,APE87
ACE190,ACPE190b,Herbert Vogel,1,APE88
ACE198,ACPE198a,Virginia Wright,1,APE89
ACE198,ACPE198b,Bagley Wright,1,APE90
ACE202,ACPE202a,Bernard Gerald Cantor,1,APE91
ACE202,ACPE202b,Iris Cantor,1,APE92
ACE203,ACPE203a,Marshall S. Cogan,1,APE93
ACE203,ACPE203b,Maureen Cogan,1,APE94
ACE204,ACPE204a,Hélène David-Weill,1,APE95
ACE204,ACPE204b,Michel Alexandre David-Weill,1,APE96
ACE218,ACPE218a,Victoria Newhouse,1,APE97
ACE218,ACPE218b,"Samuel I. Newhouse, Jr.",1,APE98
ACE222,ACPE222a,Marianne Schwartz,1,APE99
ACE222,ACPE222b,Alan Schwartz,1,APE100
ACE225,ACPE225a,Stuart Spence,1,APE101
ACE225,ACPE225b,Judy Spence,1,APE102
ACE233,ACPE233a,Hartmut Ackermeier,1,APE103
ACE233,ACPE233b,Silvia Ackermeier,1,APE104
ACE238,ACPE238a,Nelson Blitz Jr.,1,APE105
ACE238,ACPE238b,Catherine Woodard,1,APE106
ACE239,ACPE239a,Janet de Botton,1,APE107
ACE239,ACPE239b,Gilbert de Botton,1,APE108
ACE240,ACPE240a,Gérard Boulois,1,APE109
ACE240,ACPE240b,Anne-Marie Boulois,1,APE110
ACE241,ACPE241a,Edward Carter,1,APE111
ACE241,ACPE241b,Hannah Carter,1,APE112
ACE244,ACPE244a,Marvin Fishman,1,APE113
ACE244,ACPE244b,Janet Fishman,1,APE114
ACE245,ACPE245a,Marie-Françoise Fuchs,1,APE115
ACE245,ACPE245b,Gilles Fuchs,1,APE116
ACE247,ACPE247a,Jacques Hachuel,1,APE117
ACE247,ACPE247b,Marta Hachuel,1,APE118
ACE249,ACPE249a,Jean Christophe Julian,1,APE119
ACE249,ACPE249b,Nicole Julian,1,APE120
ACE252,ACPE252a,Richard Lane,1,APE121
ACE252,ACPE252b,Barbara Lane,1,APE122
ACE256,ACPE256a,Jan Mayer,1,APE123
ACE256,ACPE256b,Frederick Mayer,1,APE124
ACE262,ACPE262a,Betty Rudman,1,APE125
ACE262,ACPE262b,Isaac Rudman,1,APE126
ACE270,ACPE270a,Thurston Twigg-Smith,1,APE127
ACE270,ACPE270b,Laila Twigg-Smith,1,APE128
ACE271,ACPE271a,Carl Vogel,1,APE129
ACE271,ACPE271b,Carin Vogel,1,APE130
ACE273,ACPE273a,John Weber,1,APE131
ACE273,ACPE273b,Charlotte Colket Weber,1,APE132
ACE274,ACPE274a,Leon Levy White,1,APE133
ACE274,ACPE274b,Shelby White,1,APE134
ACE277,ACPE277a,Frits Becht,1,APE135
ACE277,ACPE277b,Agnes Becht,1,APE136
ACE278,ACPE278a,Marchesa Marida Berlingieri,1,APE137
ACE278,ACPE278b,Marchese Annibale Berlingieri,1,APE138
ACE281,ACPE281a,Miguel Angel Capriles,1,APE139
ACE281,ACPE281b,Magaly Capriles,1,APE140
ACE286,ACPE286a,Doris Fisher,1,APE141
ACE286,ACPE286b,Donald Fisher,1,APE142
ACE287,ACPE287a,Franz Josef van der Grinten,1,APE143
ACE287,ACPE287b,Hans van der Grinten,1,APE144
ACE290,ACPE290a,Rolf Hoffman,1,APE145
ACE290,ACPE290b,Erika Hoffmann,1,APE146
ACE291,ACPE291a,David Mirvish,1,APE147
ACE291,ACPE291b,Audrey Mirvish,1,APE148
ACE295,ACPE295a,Marie-Thérèse Perrin,1,APE149
ACE295,ACPE295b,Alain-Dominique Perrin,1,APE150
ACE296,ACPE296a,Jesús de Polanco,1,APE151
ACE296,ACPE296b,Mariluz Barreiros,1,APE152
ACE297,ACPE297a,Véronique Prat,1,APE153
ACE297,ACPE297b,Louis-Antoine Prat,1,APE154
ACE298,ACPE298a,David Rockefeller,1,APE155
ACE298,ACPE298b,Peggy Rockefeller,1,APE156
ACE299,ACPE299a,Mera Rubell,1,APE157
ACE299,ACPE299b,Donald Rubell,1,APE158
ACE304,ACPE304a,Joey Tanenbaum,1,APE159
ACE304,ACPE304b,Toby Tanenbaum,1,APE160
ACE305,ACPE305a,Daniel Terra,1,APE161
ACE305,ACPE305b,Judith Terra,1,APE162
ACE308,ACPE308a,Reba Williams,1,APE163
ACE308,ACPE308b,Dave H. Williams,1,APE164
ACE309,ACPE309a,George Abrams,1,APE165
ACE309,ACPE309b,Maida Abrams,1,APE166
ACE311,ACPE311a,Monique Barbier-Mueller,1,APE167
ACE311,ACPE311b,Jean Paul Barbier-Mueller,1,APE168
ACE313,ACPE313a,Vivian Campbell,1,APE169
ACE313,ACPE313b,David Campbell,1,APE170
ACE320,ACPE320a,Carrie Lehrman,1,APE171
ACE320,ACPE320b,Robert Lehrman,1,APE172
ACE321,ACPE321a,Ann Pizzuti,1,APE173
ACE321,ACPE321b,Ron Pizzuti,1,APE174
ACE322,ACPE322a,John Powers,1,APE175
ACE322,ACPE322b,Kimiko Powers,1,APE176
ACE323,ACPE323a,Lila  Silverman,1,APE177
ACE323,ACPE323b,Gilbert B. Silverman,1,APE178
ACE325,ACPE325a,Maria Nieves Noriega de Autrey,1,APE179
ACE325,ACPE325b,Sergio Autrey,1,APE180
ACE326,ACPE326a,David Barclay,1,APE181
ACE326,ACPE326b,Frederick Barclay,1,APE182
ACE327,ACPE327a,Clyde Beswick,1,APE183
ACE327,ACPE327b,Karin Beswick,1,APE184
ACE328,ACPE328a,John Garland Bowes,1,APE185
ACE328,ACPE328b,Frances Bowes,1,APE186
ACE329,ACPE329a,Rosa de la Cruz,1,APE187
ACE329,ACPE329b,Carlos de la Cruz,1,APE188
ACE330,ACPE330a,Kenneth Dayton,1,APE189
ACE330,ACPE330b,Judy Dayton,1,APE190
ACE331,ACPE331a,Anne Ehrenkranz,1,APE191
ACE331,ACPE331b,Joel S. Ehrenkranz,1,APE192
ACE333,ACPE333a,Anna Froehlich,1,APE193
ACE333,ACPE333b,Josef Froehlich,1,APE194
ACE335,ACPE335a,Marsha Glazer,1,APE195
ACE335,ACPE335b,Jay Glazer,1,APE196
ACE336,ACPE336a,Martine Guichard,1,APE197
ACE336,ACPE336b,Didier Guichard,1,APE198
ACE339,ACPE339a,Michal Hornstein,1,APE199
ACE339,ACPE339b,Renata Hornstein,1,APE200
ACE340,ACPE340a,Morton L. Janklow,1,APE201
ACE340,ACPE340b,Linda Janklow,1,APE202
ACE343,ACPE343a,Barbara Landau,1,APE203
ACE343,ACPE343b,Jon Landau,1,APE204
ACE344,ACPE344a,Thomas H. Lee,1,APE205
ACE344,ACPE344b,Ann Tenenbaum,1,APE206
ACE345,ACPE345a,Peter Ludwig,1,APE207
ACE345,ACPE345b,Irene Ludwig,1,APE208
ACE346,ACPE346a,Ida Maramotti,1,APE209
ACE346,ACPE346b,Achille Maramotti,1,APE210
ACE347,ACPE347a,Michael Ovitz,1,APE211
ACE347,ACPE347b,Judy Ovitz,1,APE212
ACE352,ACPE352a,Ida Sanders,1,APE213
ACE352,ACPE352b,Pieter Sanders,1,APE214
ACE353,ACPE353a,Kim Richter Shirley,1,APE215
ACE353,ACPE353b,Jon Shirley,1,APE216
ACE355,ACPE355a,Blema Steinberg,1,APE217
ACE355,ACPE355b,Arnold Steinberg,1,APE218
ACE356,ACPE356a,Eleonore Stoffel,1,APE219
ACE356,ACPE356b,Michael Stoffel,1,APE220
ACE357,ACPE357a,Norah Stone,1,APE221
ACE357,ACPE357b,Norman Stone,1,APE222
ACE358,ACPE358a,Kenneth Thomson,1,APE223
ACE358,ACPE358b,Marilyn Thomson,1,APE224
ACE362,ACPE362a,Thomas Bechtler,1,APE225
ACE362,ACPE362b,Cristina Bechtler,1,APE226
ACE366,ACPE366a,Joseph Goldyne,1,APE227
ACE366,ACPE366b,Deborah Sperry Goldyne,1,APE228
ACE371,ACPE371a,Richard Kramlich,1,APE229
ACE371,ACPE371b,Pamela Kramlich,1,APE230
ACE372,ACPE372a,Baroness Marion Lambert,1,APE231
ACE372,ACPE372b,Baron Philippe Lambert,1,APE232
ACE375,ACPE375a,George Roberts,1,APE233
ACE375,ACPE375b,Lee Ann Roberts,1,APE234
ACE379,ACPE379a,Donna Stone,1,APE235
ACE379,ACPE379b,Howard S. Stone,1,APE236
ACE385,ACPE385a,Debra Black,1,APE237
ACE385,ACPE385b,Leon Black,1,APE238
ACE387,ACPE387a,David Bowie,1,APE239
ACE387,ACPE387b,Iman Mohamed Abdulmajid,1,APE240
ACE397,ACPE397a,Bebe Kemper,1,APE241
ACE397,ACPE397b,"R. Crosby Kemper, Jr.",1,APE242
ACE401,ACPE401a,Elisabeth Leopold,1,APE243
ACE401,ACPE401b,Rudolf Leopold,1,APE244
ACE405,ACPE405a,Masula Mannil,1,APE245
ACE405,ACPE405b,Harry Mannil,1,APE246
ACE407,ACPE407a,Gabrielle Merzbacher,1,APE247
ACE407,ACPE407b,Werner Merzbacher,1,APE248
ACE415,ACPE415a,Charles Wrightsman,1,APE249
ACE415,ACPE415b,Jayne Wrightsman,1,APE250
ACE418,ACPE418a,Anette Brandhorst,1,APE251
ACE418,ACPE418b,Udo Brandhorst,1,APE252
ACE427,ACPE427a,Mimi Haas,1,APE253
ACE427,ACPE427b,Peter Haas,1,APE254
ACE431,ACPE431a,Renata Hornstein,1,APE200
ACE431,ACPE431b,Michal Hornstein,1,APE199
ACE433,ACPE433a,Elsa Hotz,1,APE257
ACE433,ACPE433b,Theo Hotz,1,APE258
ACE435,ACPE435a,Evelyn Lauder,1,APE259
ACE435,ACPE435b,Leonard A. Lauder,1,APE260
ACE436,ACPE436a,Jo Carole Lauder,1,APE261
ACE436,ACPE436b,Ronald S. Lauder,1,APE262
ACE437,ACPE437a,Vicki Logan,1,APE263
ACE437,ACPE437b,Kent Logan,1,APE264
ACE439,ACPE439a,Rachel Mellon,1,APE58
ACE439,ACPE439b,Paul Mellon,1,APE57
ACE444,ACPE444a,Judy Ovitz,1,APE212
ACE444,ACPE444b,Michael Ovitz,1,APE211
ACE445,ACPE445a,Mary Pappajohn,1,APE269
ACE445,ACPE445b,John Pappajohn,1,APE270
ACE450,ACPE450a,Helen Schwab,1,APE271
ACE450,ACPE450b,Charles Schwab,1,APE272
ACE451,ACPE451a,Anna Marie Shapiro,1,APE273
ACE451,ACPE451b,Robert Shapiro,1,APE274
ACE452,ACPE452a,Mary Shirley,1,APE275
ACE452,ACPE452b,Jon Shirley,1,APE216
ACE453,ACPE453a,Jerry I. Speyer,1,APE277
ACE453,ACPE453b,Katherine G. Farley,1,APE278
ACE454,ACPE454a,Dorie Sternberg,1,APE279
ACE454,ACPE454b,Paul Sternberg,1,APE280
ACE456,ACPE456a,Toby Tanenbaum,1,APE160
ACE456,ACPE456b,Joey Tanenbaum,1,APE159
ACE459,ACPE459a,Nora Barron,1,APE283
ACE459,ACPE459b,Guy Barron,1,APE284
ACE460,ACPE460a,Cristina Bechtler-Lanfranconi,1,APE285
ACE460,ACPE460b,Thomas W. Bechtler-Lanfranconi,1,APE286
ACE461,ACPE461a,Barbara Bryant.,1,APE287
ACE461,ACPE461b,Donald L. Bryant Jr.,1,APE288
ACE462,ACPE462a,Jane Davis,1,APE289
ACE462,ACPE462b,David Davis,1,APE290
ACE463,ACPE463a,Pamela Ebsworth,1,APE291
ACE463,ACPE463b,Barney A. Ebsworth,1,APE292
ACE466,ACPE466a,Elizabeth Hedreen,1,APE293
ACE466,ACPE466b,Richard Hedreen,1,APE294
ACE467,ACPE467a,Ronnie Heyman,1,APE295
ACE467,ACPE467b,Samuel Heyman,1,APE296
ACE469,ACPE469a,Pamela Kramlich,1,APE230
ACE469,ACPE469b,Richard Kramlich,1,APE229
ACE470,ACPE470a,Marie-Josée Kravis,1,APE299
ACE470,ACPE470b,Henry R. Kravis,1,APE51
ACE471,ACPE471a,Catie Marron,1,APE301
ACE471,ACPE471b,Donald B. Marron,1,APE302
ACE473,ACPE473a,Jacqueline Nordmann,1,APE303
ACE473,ACPE473b,Philippe Nordmann,1,APE304
ACE474,ACPE474a,Louise Riggio,1,APE305
ACE474,ACPE474b,Leonard Riggio,1,APE306
ACE475,ACPE475a,Kathy Sachs,1,APE307
ACE475,ACPE475b,Keith Sachs,1,APE308
ACE476,ACPE476a,Judy Steinhardt,1,APE309
ACE476,ACPE476b,Michael H. Steinhardt,1,APE310
ACE479,ACPE479a,Barbara Alfond,1,APE311
ACE479,ACPE479b,Ted Alfond,1,APE312
ACE481,ACPE481a,Sylvie Berri,1,APE313
ACE481,ACPE481b,Claude Berri,1,APE314
ACE483,ACPE483a,Melinda Gates,1,APE315
ACE483,ACPE483b,Bill Gates,1,APE316
ACE492,ACPE492a,Ellen Ringier,1,APE317
ACE492,ACPE492b,Michael Ringier,1,APE318
ACE493,ACPE493a,Sharon Rockefeller,1,APE319
ACE493,ACPE493b,Jay Rockefeller,1,APE320
ACE494,ACPE494a,Jeannette Sanders,1,APE321
ACE494,ACPE494b,Martijn Sanders,1,APE322
ACE496,ACPE496a,Ruth Shack,1,APE323
ACE496,ACPE496b,Richard Shack,1,APE324
ACE497,ACPE497a,Margaret Stent,1,APE325
ACE497,ACPE497b,Terry Stent,1,APE326
ACE501,ACPE501a,Valerie Diker,1,APE327
ACE501,ACPE501b,Charles Diker,1,APE328
ACE503,ACPE503a,Peter H. Lunder,1,APE329
ACE503,ACPE503b,Paula Lunder,1,APE330
ACE506,ACPE506a,Giovanna Panza di Biumo,1,APE331
ACE506,ACPE506b,Giuseppe Panza di Biumo,1,APE332
ACE508,ACPE508a,Marieke Sanders,1,APE333
ACE508,ACPE508b,Pieter Sanders,1,APE214
ACE509,ACPE509a,Ute Scharpff,1,APE335
ACE509,ACPE509b,Rudolf Scharpff,1,APE336
ACE511,ACPE511a,B. Z. Schwartz,1,APE337
ACE511,ACPE511b,Michael Schwartz,1,APE338
ACE513,ACPE513a,Nancy Anschutz,1,APE339
ACE513,ACPE513b,Philip Anschutz,1,APE340
ACE515,ACPE515a,Sandra Fineberg,1,APE341
ACE515,ACPE515b,Gerald Fineberg,1,APE342
ACE516,ACPE516a,Maxine Frankel,1,APE343
ACE516,ACPE516b,Stuart Frankel,1,APE344
ACE519,ACPE519a,Janine Hill,1,APE345
ACE519,ACPE519b,J. Tomilson Hill,1,APE346
ACE521,ACPE521a,Anne Marion,1,APE347
ACE521,ACPE521b,John Marion,1,APE348
ACE523,ACPE523a,Cindy Rachofsky,1,APE349
ACE523,ACPE523b,Howard Rachofsky,1,APE350
ACE525,ACPE525a,Tsuneo Sudo,1,APE351
ACE525,ACPE525b,Eiichiro Sudo,1,APE352
ACE527,ACPE527a,Ruth True,1,APE353
ACE527,ACPE527b,William True,1,APE354
ACE530,ACPE530a,Anette Brandhorst,1,APE251
ACE530,ACPE530b,Udo Brandhorst,1,APE252
ACE531,ACPE531a,Melva Bucksbaum,1,APE357
ACE531,ACPE531b,Raymond Learsy,1,APE358
ACE535,ACPE535a,Danielle Ganek,1,APE359
ACE535,ACPE535b,David Ganek,1,APE360
ACE537,ACPE537a,Susan Hort,1,APE361
ACE537,ACPE537b,Michael Hort,1,APE362
ACE539,ACPE539a,Jeanne Klein,1,APE363
ACE539,ACPE539b,Michael L. Klein,1,APE364
ACE540,ACPE540a,Sarah-Ann Kramarsky,1,APE365
ACE540,ACPE540b,Werner H. Kramarsky,1,APE366
ACE541,ACPE541a,Jill Kraus,1,APE367
ACE541,ACPE541b,Peter Kraus,1,APE368
ACE543,ACPE543a,Sherry Mallin,1,APE369
ACE543,ACPE543b,Joel Mallin,1,APE370
ACE544,ACPE544a,Carol Rahr,1,APE371
ACE544,ACPE544b,Stewart Rahr,1,APE372
ACE548,ACPE548a,Abigail Wexner,1,APE373
ACE548,ACPE548b,Leslie H. Wexner,1,APE374
ACE550,ACPE550a,Kenneth C. Griffin,1,APE375
ACE550,ACPE550b,Anne Dias-Griffin,1,APE376
ACE552,ACPE552a,Anne Fisher,1,APE377
ACE552,ACPE552b,Jerome Fisher,1,APE378
ACE555,ACPE555a,Ninah Lynne,1,APE379
ACE555,ACPE555b,Michael Lynne,1,APE380
ACE556,ACPE556a,Susan Magnier,1,APE381
ACE556,ACPE556b,John Magnier,1,APE382
ACE558,ACPE558a,Elizabeth Plotnick,1,APE383
ACE558,ACPE558b,Harvey Plotnick,1,APE384
ACE563,ACPE563a,Leonora Belilty,1,APE385
ACE563,ACPE563b,Jimmy Belilty,1,APE386
ACE565,ACPE565a,Monique Burger,1,APE387
ACE565,ACPE565b,Max Burger,1,APE388
ACE566,ACPE566a,Cherryl Cohen,1,APE389
ACE566,ACPE566b,Frank Cohen,1,APE390
ACE569,ACPE569a,Kathleen Fuld,1,APE391
ACE569,ACPE569b,Richard S. Fuld Jr.,1,APE392
ACE570,ACPE570a,Ann Gund,1,APE393
ACE570,ACPE570b,Graham Gund,1,APE394
ACE571,ACPE571a,Margrit Hahnloser,1,APE395
ACE571,ACPE571b,Paul Hahnloser,1,APE396
ACE572,ACPE572a,Adam Lindemann,1,APE397
ACE572,ACPE572b,Amalia Dayan,1,APE398
ACE573,ACPE573a,Margaret Munzer Loeb,1,APE399
ACE573,ACPE573b,Daniel S. Loeb,1,APE400
ACE574,ACPE574a,Frances G. McGlothlin,1,APE401
ACE574,ACPE574b,James W. McGlothlin,1,APE402
ACE576,ACPE576a,Julie Minskoff,1,APE403
ACE576,ACPE576b,Edward J. Minskoff,1,APE404
ACE578,ACPE578a,Marsha Perelman,1,APE405
ACE578,ACPE578b,Jeffrey Perelman,1,APE406
ACE579,ACPE579a,Miuccia Prada,1,APE407
ACE579,ACPE579b,Patrizio Bertelli,1,APE408
ACE580,ACPE580a,Lisa Pritzker,1,APE409
ACE580,ACPE580b,John A. Pritzker,1,APE410
ACE586,ACPE586a,Lauren Taschen,1,APE411
ACE586,ACPE586b,Benedikt Taschen,1,APE412
ACE588,ACPE588a,Elaine Wynn,1,APE413
ACE588,ACPE588b,Stephen A. Wynn,1,APE414
ACE589,ACPE589a,Hélène Arnault,1,APE415
ACE589,ACPE589b,Bernard Arnault,1,APE416
ACE590,ACPE590a,Maria Arena Bell,1,APE417
ACE590,ACPE590b,William Bell Jr.,1,APE418
ACE591,ACPE591a,Karen Boros,1,APE419
ACE591,ACPE591b,Christian Boros,1,APE420
ACE593,ACPE593a,Peggy Burnet,1,APE421
ACE593,ACPE593b,Ralph Burnet,1,APE422
ACE597,ACPE597a,Agnes Essl,1,APE423
ACE597,ACPE597b,Karlheinz Essl,1,APE424
ACE598,ACPE598a,Geraldine Gottesman,1,APE425
ACE598,ACPE598b,Noam Gottesman,1,APE426
ACE599,ACPE599a,Mania Hahnloser,1,APE427
ACE599,ACPE599b,Bernhard Hahnloser,1,APE428
ACE600,ACPE600a,Christine Hall,1,APE429
ACE600,ACPE600b,Andrew Hall,1,APE430
ACE602,ACPE602a,Cindy Horn,1,APE431
ACE602,ACPE602b,Alan Horn,1,APE432
ACE604,ACPE604a,Anneliese Lenz,1,APE433
ACE604,ACPE604b,Gerhard Lenz,1,APE434
ACE605,ACPE605a,Jane Manoogian,1,APE435
ACE605,ACPE605b,Richard Manoogian,1,APE436
ACE607,ACPE607a,Lisa Tananbaum,1,APE437
ACE607,ACPE607b,Steve Tananbaum,1,APE438
ACE611,ACPE611a,Eileen Cohen,1,APE439
ACE611,ACPE611b,Michael Cohen,1,APE440
ACE613,ACPE613a,Nathalie de Gunzburg,1,APE441
ACE613,ACPE613b,Charles de Gunzburg,1,APE442
ACE614,ACPE614a,Deedie Rose,1,APE443
ACE614,ACPE614b,Rusty Rose,1,APE444
ACE616,ACPE616a,Dana Tananbaum,1,APE445
ACE616,ACPE616b,Jim Tananbaum,1,APE446
ACE617,ACPE617a,Roman Abramovich,1,APE447
ACE617,ACPE617b,Dasha Zhukova,1,APE448
ACE619,ACPE619a,Robert H. Chaney,1,APE449
ACE619,ACPE619b,Jereann H. Chaney,1,APE450
ACE619,ACPE619c,Holland Chaney,1,APE451
ACE620,ACPE620a,Frank J. Fertitta III,1,APE452
ACE620,ACPE620b,Lorenzo Fertitta,1,APE453
ACE621,ACPE621a,Diane Halle,1,APE454
ACE621,ACPE621b,Bruce Halle,1,APE455
ACE623,ACPE623a,Mimi Libeert,1,APE456
ACE623,ACPE623b,Filiep Libeert,1,APE457
ACE626,ACPE626a,Lynda Resnick,1,APE458
ACE626,ACPE626b,Stewart Resnick,1,APE459
ACE627,ACPE627a,Myriam Ullens,1,APE460
ACE627,ACPE627b,Guy Ullens,1,APE461
ACE628,ACPE628a,Maria Baibakova,1,APE462
ACE628,ACPE628b,Oleg Baybakov,1,APE463
ACE629,ACPE629a,Marijke Cordia,1,APE464
ACE629,ACPE629b,Willem Cordia,1,APE465
ACE631,ACPE631a,Ingrid Jung,1,APE466
ACE631,ACPE631b,Hugo Jung,1,APE467
ACE632,ACPE632a,Nancy Magoon,1,APE468
ACE632,ACPE632b,Robert Magoon,1,APE469
ACE633,ACPE633a,Susan Marx,1,APE470
ACE633,ACPE633b,Larry Marx,1,APE471
ACE635,ACPE635a,Amy Phelan,1,APE472
ACE635,ACPE635b,John Phelan,1,APE473
ACE636,ACPE636a,Penny Pritzker,1,APE474
ACE636,ACPE636b,Bryan Traubert,1,APE475
ACE637,ACPE637a,Lenore Sender,1,APE476
ACE637,ACPE637b,Adam Sender,1,APE477
ACE640,ACPE640a,Iris Strauss,1,APE478
ACE640,ACPE640b,Matthew Strauss,1,APE479
ACE641,ACPE641a,Robbi Toll,1,APE480
ACE641,ACPE641b,Bruce E. Toll,1,APE481
ACE643,ACPE643a,Laura Arnold,1,APE482
ACE643,ACPE643b,John Arnold,1,APE483
ACE644,ACPE644a,Cees de Bruin-Heijn,1,APE484
ACE644,ACPE644b,Inge de Bruin-Heijn,1,APE485
ACE645,ACPE645a,Alexandra Cohen,1,APE486
ACE645,ACPE645b,Steven A. Cohen,1,APE487
ACE648,ACPE648a,Amanda Fuhrman,1,APE488
ACE648,ACPE648b,Glenn R. Fuhrman,1,APE489
ACE650,ACPE650a,Catherine Lagrange,1,APE490
ACE650,ACPE650b,Pierre Lagrange,1,APE491
ACE651,ACPE651a,Paula Lunder,1,APE330
ACE651,ACPE651b,Peter H. Lunder,1,APE329
ACE653,ACPE653a,Emily Rales,1,APE494
ACE653,ACPE653b,Mitchell Rales,1,APE495
ACE656,ACPE656a,Barbara Vogelstein,1,APE496
ACE656,ACPE656b,John Vogelstein,1,APE497
ACE659,ACPE659a,Bettina Bryant,1,APE498
ACE659,ACPE659b,Donald L. Bryant Jr.,1,APE288
ACE663,ACPE663a,Suna Kiraç,1,APE500
ACE663,ACPE663b,Inan Kiraç,1,APE501
ACE664,ACPE664a,Liz Lefkofsky,1,APE502
ACE664,ACPE664b,Eric Lefkofsky,1,APE503
ACE667,ACPE667a,Edith Vanmoerkerke,1,APE504
ACE667,ACPE667b,Mark Vanmoerkerke,1,APE505
ACE668,ACPE668a,Shelley Fox Aarons,1,APE506
ACE668,ACPE668b,Philip E. Aarons,1,APE507
ACE670,ACPE670a,Caryl Englander,1,APE508
ACE670,ACPE670b,Israel Englander,1,APE509
ACE672,ACPE672a,Florence Guerlain,1,APE510
ACE672,ACPE672b,Daniel Guerlain,1,APE511
ACE673,ACPE673a,Barbara Haubrok,1,APE512
ACE673,ACPE673b,Axel Haubrok,1,APE513
ACE675,ACPE675a,Alison Klein,1,APE514
ACE675,ACPE675b,Peter W. Klein,1,APE515
ACE677,ACPE677a,Barbara Levine,1,APE516
ACE677,ACPE677b,Aaron Levine,1,APE517
ACE678,ACPE678a,Pamela Mohn,1,APE518
ACE678,ACPE678b,Jarl Mohn,1,APE519
ACE679,ACPE679a,Rose-Marie van Otterloo,1,APE520
ACE679,ACPE679b,Eijk van Otterloo,1,APE521
ACE680,ACPE680a,Heather Podesta,1,APE522
ACE680,ACPE680b,Tony Podesta,1,APE523
ACE682,ACPE682a,Christiane Schaufler-Münch,1,APE524
ACE682,ACPE682b,Peter Schaufler,1,APE525
ACE684,ACPE684a,Sylvia Ströher,1,APE526
ACE684,ACPE684b,Ulrich Ströher,1,APE527
ACE687,ACPE687a,Jane Toll,1,APE528
ACE687,ACPE687b,Robert Toll,1,APE529
ACE688,ACPE688a,Wang Wei,1,APE530
ACE688,ACPE688b,Liu Yiqian,1,APE531
ACE689,ACPE689a,Jutta Weishaupt,1,APE532
ACE689,ACPE689b,Siegfried Weishaupt,1,APE533
ACE693,ACPE693a,Robert Drake,1,APE534
ACE693,ACPE693b,Renee Drake,1,APE535
ACE696,ACPE696a,Steven Latner,1,APE536
ACE696,ACPE696b,Michael Latner,1,APE537
ACE697,ACPE697a,Maurice Marciano,1,APE538
ACE697,ACPE697b,Paul Marciano,1,APE539
ACE701,ACPE701a,Andrea Olympio Pereira,1,APE540
ACE701,ACPE701b,José Olympio Pereira,1,APE541
ACE703,ACPE703a,Vicki Sant,1,APE542
ACE703,ACPE703b,Roger Sant,1,APE543
ACE710,ACPE710a,Trudy Cejas,1,APE544
ACE710,ACPE710b,Paul Cejas,1,APE545
ACE712,ACPE712a,Isabel Coppel,1,APE546
ACE712,ACPE712b,Agustín Coppel,1,APE547
ACE714,ACPE714a,Mitzi Eisenberg,1,APE548
ACE714,ACPE714b,Warren Eisenberg,1,APE549
ACE715,ACPE715a,Rebecca Eisenberg,1,APE550
ACE715,ACPE715b,Martin Eisenberg,1,APE551
ACE717,ACPE717a,Susan Feinstein,1,APE552
ACE717,ACPE717b,Leonard Feinstein,1,APE553
ACE718,ACPE718a,Marilyn Fields,1,APE554
ACE718,ACPE718b,Larry Fields,1,APE555
ACE719,ACPE719a,Christy Gautreaux,1,APE556
ACE719,ACPE719b,Bill Gautreaux,1,APE557
ACE723,ACPE723a,Raymond J. McGuire,1,APE558
ACE723,ACPE723b,Crystal McCrary,1,APE559
ACE724,ACPE724a,Tom Pritzker,1,APE560
ACE724,ACPE724b,Margot Pritzker,1,APE561
ACE726,ACPE726a,Hilary Ross,1,APE562
ACE726,ACPE726b,Wilbur L. Ross Jr.,1,APE563
ACE729,ACPE729a,Elizabeth Singer,1,APE564
ACE729,ACPE729b,Frederick Singer,1,APE565
ACE730,ACPE730a,Susana Steinbruch,1,APE566
ACE730,ACPE730b,Ricardo Steinbruch,1,APE567
ACE734,ACPE734a,Anita Zabludowicz,1,APE568
ACE734,ACPE734b,Poju Zabludowicz,1,APE569
ACE735,ACPE735a,James Keith (JK) Brown,1,APE570
ACE735,ACPE735b,Eric Diefenbach,1,APE571
ACE739,ACPE739a,Yassmin Ghandehari,1,APE572
ACE739,ACPE739b,Sasan Ghandehari,1,APE573
ACE741,ACPE741a,Hong Ra-hee,1,APE574
ACE741,ACPE741b,Lee Kun-hee,1,APE575
ACE745,ACPE745a,Nina Moore,1,APE576
ACE745,ACPE745b,Frank Moore,1,APE577
ACE746,ACPE746a,Catriona Mordant,1,APE578
ACE746,ACPE746b,Simon Mordant,1,APE579
ACE747,ACPE747a,Genny Nissenbaum,1,APE580
ACE747,ACPE747b,Selmo Nissenbaum,1,APE581
ACE748,ACPE748a,Lisa Perry,1,APE582
ACE748,ACPE748b,Richard Perry,1,APE583
ACE749,ACPE749a,Sabine Plattner,1,APE584
ACE749,ACPE749b,Hasso Plattner,1,APE585
ACE752,ACPE752a,Linnea Conrad Roberts,1,APE586
ACE752,ACPE752b,George Roberts,1,APE233
ACE754,ACPE754a,Elham Salamé,1,APE588
ACE754,ACPE754b,Tony Salamé,1,APE589
ACE755,ACPE755a,Nadia Samdani,1,APE590
ACE755,ACPE755b,Rajeeb Samdani,1,APE591
ACE757,ACPE757a,Brett Sundheim,1,APE592
ACE757,ACPE757b,Daniel S. Sundheim,1,APE593
ACE761,ACPE761a,Halit Cingillioglu,1,APE594
ACE761,ACPE761b,Kemal Has Cingillioglu,1,APE595
ACE763,ACPE763a,Michael C. Forman,1,APE596
ACE763,ACPE763b,Jennifer Rice,1,APE597
ACE765,ACPE765a,Pamela J. Joyner,1,APE598
ACE765,ACPE765b,Alfred J. Giuffrida,1,APE599
ACE770,ACPE770a,Sheri Schultz,1,APE600
ACE770,ACPE770b,Howard Schultz,1,APE601
ACE772,ACPE772a,Anne Titze,1,APE602
ACE772,ACPE772b,Wolfgang Titze,1,APE603
ACE773,ACPE773a,Patricia Pearson-Vergez,1,APE604
ACE773,ACPE773b,Juan Vergez,1,APE605
ACE776,ACPE776a,Laura Arrillaga-Andreessen,1,APE606
ACE776,ACPE776b,Marc Andreessen,1,APE607
ACE778,ACPE778a,Tracey Berkowitz,1,APE608
ACE778,ACPE778b,Bruce R. Berkowitz,1,APE609
ACE779,ACPE779a,Barbara Bluhm-Kaul,1,APE610
ACE779,ACPE779b,Don Kaul,1,APE611
ACE780,ACPE780a,Lauren Booth,1,APE612
ACE780,ACPE780b,Mark Booth,1,APE613
ACE782,ACPE782a,Estrellita Brodsky,1,APE614
ACE782,ACPE782b,Daniel Brodsky,1,APE615
ACE785,ACPE785a,Bridgitt Evans,1,APE616
ACE785,ACPE785b,Bruce Evans,1,APE617
ACE786,ACPE786a,Gabriela Garza,1,APE618
ACE786,ACPE786b,Ramiro Garza,1,APE619
ACE787,ACPE787a,Petra Levin,1,APE620
ACE787,ACPE787b,Stephen Levin,1,APE621
ACE792,ACPE792a,Helen Zell,1,APE622
ACE792,ACPE792b,Sam Zell,1,APE623
ACE795,ACPE795a,Elizabeth Chun,1,APE624
ACE795,ACPE795b,Phillip Chun,1,APE625
ACE799,ACPE799a,Kelly Mueller,1,APE626
ACE799,ACPE799b,Scott Mueller,1,APE627
ACE800,ACPE800a,Jane Nathanson,1,APE628
ACE800,ACPE800b,Marc Nathanson,1,APE629
ACE802,ACPE802a,Cecilia Poma,1,APE630
ACE802,ACPE802b,Ernesto Poma,1,APE631
ACE805,ACPE805a,Komal Shah,1,APE632
ACE805,ACPE805b,Gaurav Garg,1,APE633
ACE806,ACPE806a,Claire-Anne Stroll,1,APE634
ACE806,ACPE806b,Lawrence S. Stroll,1,APE635
ACE807,ACPE807a,Clara Tsai,1,APE636
ACE807,ACPE807b,Joseph C. Tsai,1,APE637
ACE813,ACPE813a,Cecilia Cheung,1,APE638
ACE813,ACPE813b,Chung-Kiu “C.K.” Cheung,1,APE639
ACE814,ACPE814a,Kasseem “Swizz Beatz” Dean,1,APE640
ACE814,ACPE814b,Alicia Keys,1,APE641
ACE815,ACPE815a,Yael Fegel,1,APE642
ACE815,ACPE815b,Gary Fegel,1,APE643
ACE819,ACPE819a,Jimmy Iovine,1,APE644
ACE819,ACPE819b,Liberty Ross,1,APE645
ACE824,ACPE824a,Kiran Nadar,1,APE646
ACE824,ACPE824b,Shiv Nadar,1,APE647
ACE826,ACPE826a,Eyal Ofer,1,APE648
ACE826,ACPE826b,Idan Ofer,1,APE649
ACE827,ACPE827a,Darlene Pérez,1,APE650
ACE827,ACPE827b,Jorge M. Pérez,1,APE651
ACE831,ACPE831a,Maggie Tsai,1,APE652
ACE831,ACPE831b,Richard Tsai,1,APE653
ACE833,ACPE833a,Josef Vascovitz,1,APE654
ACE833,ACPE833b,Lisa Goodman,1,APE655
ACE834,ACPE834a,Jenny Jinyuan Wang,1,APE656
ACE834,ACPE834b,Guo Guangchang,1,APE657
ACE840,ACPE840a,Deirdre Dyson,1,APE658
ACE840,ACPE840b,James Dyson,1,APE659
ACE841,ACPE841a,Cecilie Fredriksen,1,APE660
ACE841,ACPE841b,Kathrine Fredriksen,1,APE661
ACE843,ACPE843a,Arthur Lewis,1,APE662
ACE843,ACPE843b,Hau Nguyen,1,APE663
ACE844,ACPE844a,George Lucas,1,APE664
ACE844,ACPE844b,Mellody Hobson,1,APE665
ACE845,ACPE845a,Bernard Lumpkin,1,APE666
ACE845,ACPE845b,Carmine Boccuzzi,1,APE667
ACE847,ACPE847a,Batia Ofer,1,APE668
ACE847,ACPE847b,Idan Ofer,1,APE649
ACE848,ACPE848a,Janelle Pinnell,1,APE670
ACE848,ACPE848b,Alden Pinnell,1,APE671
ACE849,ACPE849a,Sara Shlesinger,1,APE672
ACE849,ACPE849b,John Shlesinger,1,APE673
ACE851,ACPE851a,Mei Warburg,1,APE674
ACE851,ACPE851b,Allan Warburg,1,APE675
ACE855,ACPE855a,Katie Rodan,1,APE676
ACE855,ACPE855b,Amnon Rodan,1,APE677
ACE856,ACPE856a,Jaime Schwartzberg,1,APE678
ACE856,ACPE856b,Andrew Schwartzberg,1,APE679
ACE857,ACPE857a,Amy Shih,1,APE680
ACE857,ACPE857b,Leo Shih,1,APE681
ACE858,ACPE858a,Carl Thoma,1,APE682
ACE858,ACPE858b,Marilynn Thoma,1,APE683
ACE859,ACPE859a,Ric Whitney,1,APE684
ACE859,ACPE859b,Tina Perry-Whitney,1,APE685
ACE1,ACPE1a,Zenko Adachi,0,APE686
ACE2,ACPE2a,Gianni Agnelli,0,APE687
ACE3,ACPE3a,Muhammed al-Tajir,0,APE688
ACE5,ACPE5a,Arthur G. Altschul,0,APE689
ACE6,ACPE6a,Thomas Ammann,0,APE690
ACE8,ACPE8a,Warren Anderson,0,APE691
ACE9,ACPE9a,Walter H. Annenberg,0,APE692
ACE10,ACPE10a,B.L Au,0,APE693
ACE11,ACPE11a,Emilio Azcarraga,0,APE694
ACE12,ACPE12a,Richard Brown Baker,0,APE695
ACE13,ACPE13a,Sid Richardson Bass,0,APE696
ACE14,ACPE14a,Anne Bass,0,APE697
ACE15,ACPE15a,Audrey Jones Beck,0,APE698
ACE16,ACPE16a,Heinz Berggruen,0,APE699
ACE18,ACPE18a,Silvio Berlusconi,0,APE700
ACE19,ACPE19a,Claude Berri,0,APE314
ACE20,ACPE20a,Ernst Beyeler,0,APE702
ACE22,ACPE22a,Martin Blinder,0,APE703
ACE26,ACPE26a,Alan Bond,0,APE704
ACE27,ACPE27a,Janet Green,0,APE705
ACE29,ACPE29a,William Bowmore,0,APE706
ACE31,ACPE31a,Donald Leroy Bren,0,APE707
ACE33,ACPE33a,Edward R. Broida,0,APE708
ACE34,ACPE34a,Lothar-Günther Buchheim,0,APE709
ACE35,ACPE35a,Miguel Angel Capriles,0,APE139
ACE36,ACPE36a,Edward Carter,0,APE111
ACE37,ACPE37a,Gerald Chan,0,APE712
ACE38,ACPE38a,Alberto Chateaubriand,0,APE713
ACE39,ACPE39a,Wendell Cherry,0,APE714
ACE40,ACPE40a,Jay Chiat,0,APE715
ACE42,ACPE42a,Lillian Clark,0,APE716
ACE43,ACPE43a,Robert Holmes à Court,0,APE717
ACE44,ACPE44a,Douglas S. Cramer,0,APE718
ACE45,ACPE45a,Herman Daled,0,APE719
ACE47,ACPE47a,Bruce Dayton,0,APE720
ACE49,ACPE49a,"Edward R. Downe, Jr.",0,APE721
ACE51,ACPE51a,Asher Edelman,0,APE722
ACE53,ACPE53a,Gerald Elliott,0,APE723
ACE54,ACPE54a,Robert Ellsworth,0,APE724
ACE55,ACPE55a,Georges Embiricos,0,APE725
ACE56,ACPE56a,James O. Fairfax,0,APE726
ACE57,ACPE57a,Lord Thomson of Fleet,0,APE727
ACE58,ACPE58a,Gert Rudolf Flick,0,APE728
ACE59,ACPE59a,Amalia Lacroze de Fortabat,0,APE729
ACE60,ACPE60a,Giorgio Franchetti,0,APE730
ACE62,ACPE62a,David Geffen,0,APE731
ACE63,ACPE63a,Jacques Gelman,0,APE732
ACE65,ACPE65a,John Paul Getty II,0,APE733
ACE66,ACPE66a,"Alfred C. Glassell, Jr.",0,APE734
ACE68,ACPE68a,Isabel Goldsmith,0,APE735
ACE69,ACPE69a,Giuliano Gori,0,APE736
ACE70,ACPE70a,John Goulandris,0,APE737
ACE71,ACPE71a,Graham Gund,0,APE394
ACE72,ACPE72a,Agnes Gund,0,APE739
ACE74,ACPE74a,Robert Halff,0,APE740
ACE75,ACPE75a,Armand Hammer *deceased as we went to press,0,APE741
ACE76,ACPE76a,Toshio Hara,0,APE742
ACE78,ACPE78a,Henry John Heinz III,0,APE743
ACE80,ACPE80a,Donald Hess,0,APE744
ACE83,ACPE83a,Richard E. Jacobs,0,APE745
ACE84,ACPE84a,Barbara Jakobson,0,APE746
ACE85,ACPE85a,Dakis Joannou,0,APE747
ACE86,ACPE86a,Philip Johnson,0,APE748
ACE87,ACPE87a,Barbara Piasecka Johnson,0,APE749
ACE88,ACPE88a,Samuel Josefowitz,0,APE750
ACE89,ACPE89a,Nicole Jullien Mattei,0,APE751
ACE90,ACPE90a,Shegeki Kameyama,0,APE752
ACE91,ACPE91a,Takuji Kato,0,APE753
ACE94,ACPE94a,Frederick Koch,0,APE754
ACE95,ACPE95a,William Koch,0,APE755
ACE96,ACPE96a,Robert P. Kogod,0,APE756
ACE98,ACPE98a,David Lloyd Kreeger,0,APE757
ACE99,ACPE99a,Sotaro Kubo,0,APE758
ACE100,ACPE100a,Hideo Kurita,0,APE759
ACE101,ACPE101a,Henryk de Kwiatkowski,0,APE760
ACE102,ACPE102a,Yolanda Garza Laguera,0,APE761
ACE103,ACPE103a,Leonard A. Lauder,0,APE260
ACE104,ACPE104a,Ronald S. Lauder,0,APE262
ACE105,ACPE105a,Raymond Learsy,0,APE358
ACE106,ACPE106a,Gerhard Lenz,0,APE434
ACE107,ACPE107a,K.S. Lo,0,APE766
ACE108,ACPE108a,Peter Ludwig,0,APE207
ACE111,ACPE111a,Richard Manoogian,0,APE436
ACE112,ACPE112a,Martin Z. Margulies,0,APE769
ACE113,ACPE113a,Annie Windfohr Marion,0,APE770
ACE114,ACPE114a,Donald B. Marron,0,APE302
ACE115,ACPE115a,Steve Martin,0,APE772
ACE116,ACPE116a,Erich Marx,0,APE773
ACE117,ACPE117a,Roger Mazarguil,0,APE774
ACE118,ACPE118a,Lord Alister McAlpine,0,APE775
ACE119,ACPE119a,Margaret McDermott,0,APE776
ACE121,ACPE121a,Christophe de Menil,0,APE777
ACE122,ACPE122a,Dominique de Menil,0,APE778
ACE123,ACPE123a,Georges de Menil,0,APE779
ACE124,ACPE124a,Philippa de Menil,0,APE780
ACE125,ACPE125a,Adelaide de Menil,0,APE781
ACE126,ACPE126a,François de Menil,0,APE782
ACE129,ACPE129a,José Mugrabi,0,APE783
ACE130,ACPE130a,Karl-Heinrich Müller,0,APE784
ACE131,ACPE131a,Henri Nannen,0,APE785
ACE132,ACPE132a,Raymond D. Nasher,0,APE786
ACE133,ACPE133a,Rose Newman,0,APE787
ACE134,ACPE134a,Stavros Niarchos,0,APE788
ACE136,ACPE136a,Sammy Ofer,0,APE789
ACE137,ACPE137a,Houn Ohara,0,APE790
ACE138,ACPE138a,Kiichiro Okano,0,APE791
ACE139,ACPE139a,Eiji Okwawa,0,APE792
ACE141,ACPE141a,Reinhard Onnasch,0,APE793
ACE142,ACPE142a,Jaime Ortiz-Patiño,0,APE794
ACE143,ACPE143a,Michael Ovitz,0,APE211
ACE144,ACPE144a,Max Palevsky,0,APE796
ACE145,ACPE145a,Peter Palumbo,0,APE797
ACE146,ACPE146a,Giuseppe Panza di Biumo,0,APE332
ACE147,ACPE147a,Jacques Poulge,0,APE799
ACE149,ACPE149a,Jay Arthur Pritzker,0,APE800
ACE150,ACPE150a,Joseph Pulitzer Jr,0,APE801
ACE151,ACPE151a,Joe Rank,0,APE802
ACE152,ACPE152a,Robert Gore Rifkind,0,APE803
ACE153,ACPE153a,Renee Rivkin,0,APE804
ACE154,ACPE154a,Frederik Roos,0,APE805
ACE155,ACPE155a,Jacob Rothschild,0,APE806
ACE156,ACPE156a,Robert Rowan,0,APE807
ACE157,ACPE157a,Charles Saatchi,0,APE808
ACE159,ACPE159a,Tokichi Sakai,0,APE809
ACE160,ACPE160a,Fayez Sarofim,0,APE810
ACE162,ACPE162a,Otto Schäfer,0,APE811
ACE163,ACPE163a,John Schaeffer,0,APE812
ACE166,ACPE166a,Norton Simon,0,APE813
ACE167,ACPE167a,Yannis Sistovaris,0,APE814
ACE168,ACPE168a,Joshua P. Smith,0,APE815
ACE169,ACPE169a,Robert H. Smith,0,APE816
ACE172,ACPE172a,Sheldon Solow,0,APE817
ACE173,ACPE173a,Reiner Speck,0,APE818
ACE175,ACPE175a,Ray Stark,0,APE819
ACE177,ACPE177a,Leonard N. Stern,0,APE820
ACE178,ACPE178a,Hans-Hermann Stober,0,APE821
ACE179,ACPE179a,Stephen Swid,0,APE822
ACE180,ACPE180a,Yeung Wing Tak,0,APE823
ACE181,ACPE181a,Masahiro Takano,0,APE824
ACE182,ACPE182a,A. Alfred Taubman,0,APE825
ACE183,ACPE183a,Daniel Terra,0,APE161
ACE184,ACPE184a,Hiroshi Teshigahara,0,APE827
ACE185,ACPE185a,Hans Thulin,0,APE828
ACE187,ACPE187a,Robert L. B. Tobin,0,APE829
ACE188,ACPE188a,T. T. Tsui,0,APE830
ACE189,ACPE189a,Robert Vivian,0,APE831
ACE191,ACPE191a,Joel Wachs,0,APE832
ACE192,ACPE192a,Jack Warner,0,APE833
ACE193,ACPE193a,John Weber,0,APE131
ACE194,ACPE194a,Frederick R. Weisman,0,APE835
ACE195,ACPE195a,Marcia Weisman,0,APE836
ACE196,ACPE196a,Leslie Herbert Wexner,0,APE837
ACE197,ACPE197a,Ian Woodner,0,APE838
ACE199,ACPE199a,Jayne Wrightsman,0,APE250
ACE200,ACPE200a,Lucio Amelio,0,APE840
ACE201,ACPE201a,Plácido Arango,0,APE841
ACE205,ACPE205a,Alain Delon,0,APE842
ACE206,ACPE206a,Daniel Filipacchi,0,APE843
ACE207,ACPE207a,Chang Tien Ge,0,APE844
ACE208,ACPE208a,Alex Goulandris,0,APE845
ACE209,ACPE209a,Basil Goulandris,0,APE846
ACE210,ACPE210a,Hikonobu Ise,0,APE847
ACE211,ACPE211a,Katsumi Kawamura,0,APE848
ACE212,ACPE212a,William Lane,0,APE849
ACE213,ACPE213a,Joseph Lau,0,APE850
ACE214,ACPE214a,Micheline Maus,0,APE851
ACE215,ACPE215a,William Miller,0,APE852
ACE216,ACPE216a,Tsai Chen Nan,0,APE853
ACE217,ACPE217a,Masao Nangaku,0,APE854
ACE219,ACPE219a,Elie de Rothschild,0,APE855
ACE220,ACPE220a,Eric de Rothschild,0,APE856
ACE221,ACPE221a,Ryoei Saito,0,APE857
ACE223,ACPE223a,Urs Schwartzenbach,0,APE858
ACE224,ACPE224a,Tsukasa Shishima,0,APE859
ACE226,ACPE226a,David Thomson,0,APE860
ACE227,ACPE227a,Jean Alvarez de Tolédo,0,APE861
ACE228,ACPE228a,Lois Torf,0,APE862
ACE229,ACPE229a,Tomonori Tsurumaki,0,APE863
ACE230,ACPE230a,Seiji Tsutsumi,0,APE864
ACE231,ACPE231a,Klaus Turbon,0,APE865
ACE232,ACPE232a,Roberto T. Villanueva,0,APE866
ACE234,ACPE234a,Jan Ahlers,0,APE867
ACE235,ACPE235a,Marilynn Alsdorf,0,APE2
ACE236,ACPE236a,Hans Rasmus Astrup,0,APE869
ACE237,ACPE237a,Marchese Annibale Berlingieri,0,APE138
ACE242,ACPE242a,Gilberto Chateaubriand,0,APE871
ACE243,ACPE243a,Paul Desmarais,0,APE872
ACE246,ACPE246a,Hans Grothe,0,APE873
ACE248,ACPE248a,Michael Hornstein,0,APE874
ACE250,ACPE250a,Kwee Liong Keng,0,APE875
ACE251,ACPE251a,John Kluge,0,APE876
ACE253,ACPE253a,Robert Lehrman,0,APE172
ACE254,ACPE254a,Arthur Lim,0,APE878
ACE255,ACPE255a,Luella Maslon,0,APE879
ACE257,ACPE257a,Carlo Monzino,0,APE880
ACE258,ACPE258a,Raymond D. Nasher,0,APE786
ACE259,ACPE259a,George Ortiz,0,APE882
ACE260,ACPE260a,Joseph Pulitzer Jr,0,APE801
ACE261,ACPE261a,J.R. Ritman,0,APE884
ACE263,ACPE263a,Dieter Scharf,0,APE885
ACE264,ACPE264a,Walther Scharf,0,APE886
ACE265,ACPE265a,Peter Sharp,0,APE887
ACE266,ACPE266a,Kenneth Thomson,0,APE223
ACE267,ACPE267a,George Ti,0,APE889
ACE268,ACPE268a,Susie Tompkins,0,APE890
ACE269,ACPE269a,Seiji Tsutsumi,0,APE864
ACE272,ACPE272a,Thomas Walther,0,APE892
ACE275,ACPE275a,Wayne Wrightsman,0,APE893
ACE276,ACPE276a,Juan Abelló,0,APE894
ACE279,ACPE279a,Christiaan Braun,0,APE895
ACE280,ACPE280a,"Sultan Haji Hassanal Bolkiah,  Sultan of Brunei",0,APE896
ACE282,ACPE282a,Ignacio Cobo,0,APE897
ACE283,ACPE283a,Edward Cox,0,APE898
ACE284,ACPE284a,Elaine Dannheisser,0,APE24
ACE285,ACPE285a,Barney A. Ebsworth,0,APE292
ACE288,ACPE288a,Bob Guccione,0,APE901
ACE289,ACPE289a,Ydessa Hendeles,0,APE902
ACE292,ACPE292a,Peter Moores,0,APE903
ACE293,ACPE293a,Jean-Pierre Moueix,0,APE904
ACE294,ACPE294a,Jorge Ortiz-Patiño,0,APE905
ACE300,ACPE300a,Martijn Sanders,0,APE322
ACE301,ACPE301a,Pieter Sanders,0,APE214
ACE302,ACPE302a,Wilhelm Schürmann,0,APE908
ACE303,ACPE303a,Marion Smooke,0,APE78
ACE306,ACPE306a,Martin Visser,0,APE910
ACE307,ACPE307a,Andrew Lloyd Webber,0,APE911
ACE310,ACPE310a,Angelo Baldessari,0,APE912
ACE312,ACPE312a,Mary Griggs Burke,0,APE913
ACE314,ACPE314a,Attilo Codognato,0,APE914
ACE315,ACPE315a,Karen Cohen,0,APE915
ACE316,ACPE316a,Jeffrey E. Horvitz,0,APE916
ACE317,ACPE317a,Harry Hyams,0,APE917
ACE318,ACPE318a,Stephane Janssen,0,APE918
ACE319,ACPE319a,Samuel Josefowitz,0,APE750
ACE324,ACPE324a,Robert Sosnick,0,APE920
ACE332,ACPE332a,Giorgio Franchetti,0,APE730
ACE334,ACPE334a,Soichiro Fukutake,0,APE922
ACE337,ACPE337a,Jorge S. Helft,0,APE923
ACE338,ACPE338a,Mauro Herlitzka,0,APE924
ACE341,ACPE341a,Simon Kwan,0,APE925
ACE342,ACPE342a,Emily Fisher Landau,0,APE926
ACE348,ACPE348a,Peter Palumbo,0,APE797
ACE349,ACPE349a,Ronald O. Perelman,0,APE928
ACE350,ACPE350a,François Pinault,0,APE929
ACE351,ACPE351a,Sainsbury Family,0,APE930
ACE354,ACPE354a,Carlos Slim Helú,0,APE931
ACE359,ACPE359a,Mitchell Wolfson,0,APE932
ACE360,ACPE360a,Reinhold Würth,0,APE933
ACE361,ACPE361a,Gianni Agnelli,0,APE687
ACE363,ACPE363a,Scott Black,0,APE935
ACE364,ACPE364a,Nicola Bulgari,0,APE936
ACE365,ACPE365a,Eduardo F. Costantini,0,APE937
ACE367,ACPE367a,Esther Grether,0,APE938
ACE368,ACPE368a,Manfred Heiting,0,APE939
ACE369,ACPE369a,Marieluise Hessel,0,APE940
ACE370,ACPE370a,Graham Kirkham,0,APE941
ACE373,ACPE373a,Peter Lewis,0,APE942
ACE374,ACPE374a,Werner Merzbacher,0,APE248
ACE376,ACPE376a,David Rockefeller,0,APE155
ACE377,ACPE377a,Robert H. Smith,0,APE816
ACE378,ACPE378a,Jeffrey Steiner,0,APE946
ACE380,ACPE380a,Charles Tabachnick,0,APE947
ACE381,ACPE381a,Paul Allen,0,APE948
ACE382,ACPE382a,Hortense Anda-Bührle,0,APE949
ACE383,ACPE383a,John P. Axelrod,0,APE950
ACE384,ACPE384a,Dieter Bührle,0,APE951
ACE386,ACPE386a,Herbert Black,0,APE952
ACE388,ACPE388a,Joop van Caldenborgh,0,APE953
ACE389,ACPE389a,Lloyd Cotsen,0,APE954
ACE390,ACPE390a,Prodromus Emfietzoglou,0,APE955
ACE391,ACPE391a,Joseph Hackmey,0,APE956
ACE392,ACPE392a,Daniel Hechter,0,APE957
ACE393,ACPE393a,Robert Hiscox,0,APE958
ACE394,ACPE394a,Carl Icahn,0,APE959
ACE395,ACPE395a,Audrey Irmas,0,APE960
ACE396,ACPE396a,John Kaldor,0,APE961
ACE398,ACPE398a,Robert P. Kogod,0,APE756
ACE399,ACPE399a,Werner H. Kramarsky,0,APE366
ACE400,ACPE400a,Myron Kunin,0,APE964
ACE402,ACPE402a,Joseph Lewis,0,APE965
ACE403,ACPE403a,Denis Logothetis,0,APE966
ACE404,ACPE404a,Irene Ludwig,0,APE208
ACE406,ACPE406a,Dinos Martinos,0,APE968
ACE408,ACPE408a,Arendt Oetker,0,APE969
ACE409,ACPE409a,Wafic Said,0,APE970
ACE410,ACPE410a,Rudolf Scharpff,0,APE336
ACE411,ACPE411a,David Tang,0,APE972
ACE412,ACPE412a,Robert L. B. Tobin,0,APE829
ACE413,ACPE413a,José Luis Várez Fisa,0,APE974
ACE414,ACPE414a,Thomas W. Weisel,0,APE975
ACE416,ACPE416a,Bruce Bailey,0,APE976
ACE417,ACPE417a,Frances Bowes,0,APE186
ACE419,ACPE419a,Edward R. Broida,0,APE708
ACE420,ACPE420a,Donald L. Bryant Jr.,0,APE288
ACE421,ACPE421a,Blake Byrne,0,APE980
ACE422,ACPE422a,Constance Caplan,0,APE981
ACE423,ACPE423a,Frances Dittmer,0,APE26
ACE424,ACPE424a,Ulla Dreyfus-Best,0,APE983
ACE425,ACPE425a,Aaron I. Fleischman,0,APE984
ACE426,ACPE426a,Ingvild Goetz,0,APE985
ACE428,ACPE428a,Jean Hamon,0,APE986
ACE429,ACPE429a,Samuel Heyman,0,APE296
ACE430,ACPE430a,Erika Hoffmann,0,APE146
ACE432,ACPE432a,Joseph Hotung,0,APE989
ACE434,ACPE434a,Uli Knecht,0,APE990
ACE438,ACPE438a,Eugenio López Alonso,0,APE991
ACE440,ACPE440a,Robert Miller,0,APE992
ACE441,ACPE441a,Jan Mitchell,0,APE993
ACE442,ACPE442a,Michimasa Murauchi,0,APE994
ACE443,ACPE443a,Maja Oeri,0,APE995
ACE446,ACPE446a,Kimiko Powers,0,APE176
ACE447,ACPE447a,Leonard Riggio,0,APE306
ACE448,ACPE448a,Lee Ann Roberts,0,APE234
ACE449,ACPE449a,Inge Rodenstock,0,APE999
ACE455,ACPE455a,Eiichiro Sudo,0,APE352
ACE457,ACPE457a,Dean Valentine,0,APE1001
ACE458,ACPE458a,Shelby White,0,APE134
ACE464,ACPE464a,Harald Falckenberg,0,APE1003
ACE465,ACPE465a,Friedrich Christian Flick,0,APE1004
ACE468,ACPE468a,Uli Knecht,0,APE990
ACE472,ACPE472a,Leonardo Mondadori,0,APE1006
ACE477,ACPE477a,Norman Stone,0,APE222
ACE478,ACPE478a,Tsuneshi Suzuki,0,APE1008
ACE480,ACPE480a,Philip Anschutz,0,APE340
ACE482,ACPE482a,Udo Brandhorst,0,APE252
ACE484,ACPE484a,Yu Gi-chung,0,APE1011
ACE485,ACPE485a,Marguerite Hoffman,0,APE1012
ACE486,ACPE486a,Frank Huang,0,APE1013
ACE487,ACPE487a,Elton John,0,APE1014
ACE488,ACPE488a,Alicia Koplowitz,0,APE1015
ACE489,ACPE489a,Minoru Mori,0,APE1016
ACE490,ACPE490a,Jack Nicholson,0,APE1017
ACE491,ACPE491a,Emily Rauh Pulitzer,0,APE1018
ACE495,ACPE495a,Stephan Schmidheiny,0,APE1019
ACE498,ACPE498a,Ricard Akagawa,0,APE1020
ACE499,ACPE499a,Bernard Arnault,0,APE416
ACE500,ACPE500a,Dimitris Daskalopoulos,0,APE1022
ACE502,ACPE502a,"George Lindemann, Jr.",0,APE1023
ACE504,ACPE504a,Philip S. Niarchos,0,APE1024
ACE505,ACPE505a,Peter Norton,0,APE64
ACE507,ACPE507a,Scott Rudin,0,APE1026
ACE510,ACPE510a,Chara Schreyer,0,APE1027
ACE512,ACPE512a,Sheikh Saud bin Mohammad bin Ali al-Thani,0,APE1028
ACE514,ACPE514a,Steven A. Cohen,0,APE487
ACE517,ACPE517a,David Ganek,0,APE360
ACE518,ACPE518a,John Paul Getty II,0,APE733
ACE520,ACPE520a,Roberto Marinho,0,APE1032
ACE522,ACPE522a,Bernardo Paz,0,APE1033
ACE524,ACPE524a,Mitchell Rales,0,APE495
ACE526,ACPE526a,Beth Swofford,0,APE1035
ACE528,ACPE528a,Jose Manuel Berardo,0,APE1036
ACE529,ACPE529a,Lilian Bettencourt,0,APE1037
ACE532,ACPE532a,James Clark,0,APE1038
ACE533,ACPE533a,Paolo Consolandi,0,APE1039
ACE534,ACPE534a,The Garza Sada family,0,APE1040
ACE536,ACPE536a,Laurence Graff,0,APE1041
ACE538,ACPE538a,Nasser David Khalili,0,APE1042
ACE542,ACPE542a,Michael Lynne,0,APE380
ACE545,ACPE545a,Patrizia Sandretto Re Rebaudengo,0,APE1044
ACE546,ACPE546a,Sakip Sabanci,0,APE1045
ACE547,ACPE547a,Alain Wertheimer,0,APE1046
ACE549,ACPE549a,Frank Cohen,0,APE390
ACE551,ACPE551a,Garza Sada Family,0,APE1048
ACE553,ACPE553a,Antoine de Galbert,0,APE1049
ACE554,ACPE554a,Barbara Lee,0,APE1050
ACE557,ACPE557a,Lester Marks,0,APE1051
ACE559,ACPE559a,Steven Rales,0,APE1052
ACE560,ACPE560a,Lily Safra,0,APE1053
ACE561,ACPE561a,Adam Sender,0,APE477
ACE562,ACPE562a,Francesca Thyssen-Bornemisza,0,APE1055
ACE564,ACPE564a,Frieder Burda,0,APE1056
ACE567,ACPE567a,Beth Rudin DeWoody,0,APE1057
ACE568,ACPE568a,Glenn R. Fuhrman,0,APE489
ACE575,ACPE575a,Henry S. McNeil,0,APE1059
ACE577,ACPE577a,Thomas Olbricht,0,APE1060
ACE581,ACPE581a,Louisa Stude Sarofim,0,APE1061
ACE582,ACPE582a,Tatsumi Sato,0,APE1062
ACE583,ACPE583a,Juan Antonio Perez Simon,0,APE1063
ACE584,ACPE584a,Peter Simon,0,APE1064
ACE585,ACPE585a,Gayle Stoffel,0,APE1065
ACE587,ACPE587a,Alice Walton,0,APE1066
ACE592,ACPE592a,Mary Griggs Burke,0,APE913
ACE594,ACPE594a,Kim Chang-il,0,APE1068
ACE595,ACPE595a,Ella Fontanals-Cisneros,0,APE1069
ACE596,ACPE596a,Michael Crichton,0,APE1070
ACE601,ACPE601a,Prince Hans-Adam II von und zu Liechtenstein,0,APE1071
ACE603,ACPE603a,Marc Landeau,0,APE1072
ACE606,ACPE606a,Aby J. Rosen,0,APE1073
ACE608,ACPE608a,David Teiger,0,APE1074
ACE609,ACPE609a,Neil G. Bluhm,0,APE1075
ACE610,ACPE610a,Mickey Cartin,0,APE1076
ACE612,ACPE612a,Kenneth C. Griffin,0,APE375
ACE615,ACPE615a,Eric Schmidt,0,APE1078
ACE618,ACPE618a,Peter M. Brant,0,APE1079
ACE622,ACPE622a,Damien Hirst,0,APE1080
ACE624,ACPE624a,David Martinez,0,APE1081
ACE625,ACPE625a,Victor Pinchuk,0,APE1082
ACE630,ACPE630a,Edward “Ned” Johnson III,0,APE1083
ACE634,ACPE634a,Hubert Neumann,0,APE1084
ACE638,ACPE638a,Uli Sigg,0,APE1085
ACE639,ACPE639a,Eric Smidt,0,APE1086
ACE642,ACPE642a,Stephen A. Wynn,0,APE414
ACE646,ACPE646a,Philippe Decelle,0,APE1088
ACE647,ACPE647a,Ovitz family,0,APE1089
ACE649,ACPE649a,Noam Gottesman,0,APE426
ACE652,ACPE652a,John S. Middleton,0,APE1091
ACE654,ACPE654a,Princess Gloria von Thurn und Taxis,0,APE1092
ACE655,ACPE655a,Walter Vanhaerents,0,APE1093
ACE657,ACPE657a,Susan Weber,0,APE1094
ACE658,ACPE658a,Tadashi Yanai,0,APE1095
ACE660,ACPE660a,Pierre Chen,0,APE1096
ACE661,ACPE661a,Halit Cingillioglu,0,APE594
ACE662,ACPE662a,Glenn Dubin,0,APE1098
ACE665,ACPE665a,Joseph Lewis,0,APE965
ACE666,ACPE666a,Dimitri Mavrommatis,0,APE1100
ACE669,ACPE669a,María Asunción Aramburuzabala,0,APE1101
ACE671,ACPE671a,Grässlin Family,0,APE1102
ACE674,ACPE674a,Hugo Jung,0,APE467
ACE676,ACPE676a,Pierre Lagrange,0,APE491
ACE681,ACPE681a,Dmitry Rybolovlev,0,APE1105
ACE683,ACPE683a,Julia Stoschek,0,APE1106
ACE685,ACPE685a,Budi Tek,0,APE1107
ACE686,ACPE686a,Sheikha Al Mayassa bint Hamad bin Khalifa Al Thani,0,APE1108
ACE690,ACPE690a,Len Blavatnik,0,APE1109
ACE691,ACPE691a,Richard Chang,0,APE1110
ACE692,ACPE692a,Thomas Chao,0,APE1111
ACE694,ACPE694a,Carl Gustaf Ehrnrooth,0,APE1112
ACE695,ACPE695a,Alan Howard,0,APE1113
ACE698,ACPE698a,Leonid Mikhelson,0,APE1114
ACE699,ACPE699a,Takeo Obayashi,0,APE1115
ACE700,ACPE700a,Daniel Och,0,APE1116
ACE702,ACPE702a,Qiao Zhibing,0,APE1117
ACE704,ACPE704a,Yang Bin,0,APE1118
ACE705,ACPE705a,Candace Carmel Barasch,0,APE1119
ACE706,ACPE706a,Nicolas Berggruen,0,APE1120
ACE707,ACPE707a,Ernesto Bertarelli,0,APE1121
ACE708,ACPE708a,Christian Bührle,0,APE1122
ACE709,ACPE709a,Edouard Carmignac,0,APE1123
ACE711,ACPE711a,Kemal Has Cingillioglu,0,APE595
ACE713,ACPE713a,Tiqui Atencio Demirdjian,0,APE1125
ACE716,ACPE716a,Lawrence J. Ellison,0,APE1126
ACE720,ACPE720a,Thomas Lau,0,APE1127
ACE721,ACPE721a,Jho Low,0,APE1128
ACE722,ACPE722a,Maramotti Family,0,APE1129
ACE725,ACPE725a,Stephen Ross,0,APE1130
ACE727,ACPE727a,Joseph Safra,0,APE1131
ACE728,ACPE728a,Thomas Chao,0,APE1111
ACE731,ACPE731a,Wang Jianlin,0,APE1133
ACE732,ACPE732a,Charlotte Colket Weber,0,APE132
ACE733,ACPE733a,Elaine Wynn,0,APE413
ACE736,ACPE736a,Adrian Cheng,0,APE1136
ACE737,ACPE737a,Leonardo DiCaprio,0,APE1137
ACE738,ACPE738a,George Economou,0,APE1138
ACE740,ACPE740a,Maja Hoffmann,0,APE1139
ACE742,ACPE742a,Viatcheslav Moshe Kantor,0,APE1140
ACE743,ACPE743a,Ananda Krishnan,0,APE1141
ACE744,ACPE744a,Grażyna Kulczyk,0,APE1142
ACE750,ACPE750a,Sultan Sooud Al Qassemi,0,APE1143
ACE751,ACPE751a,Bob Rennie,0,APE1144
ACE753,ACPE753a,Rubell Family,0,APE1145
ACE756,ACPE756a,Suh Kyung-Bae,0,APE1146
ACE758,ACPE758a,Sheikh Hamad bin Jassim bin Jaber Al Thani,0,APE1147
ACE759,ACPE759a,Wang Zhongjun,0,APE1148
ACE760,ACPE760a,Haryanto Adikoesoemo,0,APE1149
ACE762,ACPE762a,Fisher Family,0,APE1150
ACE764,ACPE764a,Danny Goldberg,0,APE1151
ACE766,ACPE766a,Guy Laliberté,0,APE1152
ACE767,ACPE767a,Li Lin,0,APE1153
ACE768,ACPE768a,Jack Ma,0,APE1154
ACE769,ACPE769a,Yusaku Maezawa,0,APE1155
ACE771,ACPE771a,Steve Tisch,0,APE1156
ACE774,ACPE774a,Roman Abramovich,0,APE447
ACE775,ACPE775a,Mohammed Afkhami,0,APE1158
ACE777,ACPE777a,Laurent Asscher,0,APE1159
ACE781,ACPE781a,Botín Family,0,APE1160
ACE783,ACPE783a,Lonti Ebers,0,APE1161
ACE784,ACPE784a,Eisenberg Family,0,APE1162
ACE788,ACPE788a,Cheech Marin,0,APE1163
ACE789,ACPE789a,Niarchos Family,0,APE1164
ACE790,ACPE790a,Augusto Perfetti,0,APE1165
ACE791,ACPE791a,Jochen Zeitz,0,APE1166
ACE793,ACPE793a,Alfonso de Angoitia Noriega,0,APE1167
ACE794,ACPE794a,Suzanne Deal Booth,0,APE1168
ACE796,ACPE796a,Nicola Erni,0,APE1169
ACE797,ACPE797a,Heidi Goëss-Horten,0,APE1170
ACE798,ACPE798a,Bernardo Gómez Martínez,0,APE1171
ACE801,ACPE801a,Petch Osathanugrah,0,APE1172
ACE803,ACPE803a,Laurene Powell Jobs,0,APE1173
ACE804,ACPE804a,Lisa Reuben,0,APE1174
ACE808,ACPE808a,Wang Bing,0,APE1175
ACE809,ACPE809a,Pedro Barbosa,0,APE1176
ACE810,ACPE810a,David Booth,0,APE1177
ACE811,ACPE811a,Miguel Chang,0,APE1178
ACE812,ACPE812a,Edmund Cheng,0,APE1179
ACE816,ACPE816a,Charlotte Feng Ford,0,APE1180
ACE817,ACPE817a,Larry Fink,0,APE1181
ACE818,ACPE818a,Jeffrey Gundlach,0,APE1182
ACE820,ACPE820a,Yasuharu Ishikawa,0,APE1183
ACE821,ACPE821a,Ömer Koç,0,APE1184
ACE822,ACPE822a,Barry Lam,0,APE1185
ACE823,ACPE823a,Victor Ma,0,APE1186
ACE825,ACPE825a,Louis Norval,0,APE1187
ACE828,ACPE828a,Paul Raether,0,APE1188
ACE829,ACPE829a,Gordon Schachat,0,APE1189
ACE830,ACPE830a,Alexander Tedja,0,APE1190
ACE832,ACPE832a,Robert Tsao,0,APE1191
ACE835,ACPE835a,Wee Cho Yaw,0,APE1192
ACE836,ACPE836a,Dasha Zhukova,0,APE448
ACE837,ACPE837a,Jeff Bezos,0,APE1194
ACE838,ACPE838a,Troy Carter,0,APE1195
ACE839,ACPE839a,Patrick Drahi,0,APE1196
ACE842,ACPE842a,He Jianfeng,0,APE1197
ACE846,ACPE846a,Eyal Ofer,0,APE648
ACE850,ACPE850a,Robert Soros,0,APE1199
ACE852,ACPE852a,Jon Brooks,0,APE1200
ACE853,ACPE853a,Jeff Markley,0,APE1201
ACE854,ACPE854a,Danny Rimer,0,APE1202
ACE860,ACPE860a,Yan Du,0,APE1203
ACE861,ACPE861a,Jenny Yeh,0,APE1204
