name,ap_id
HIRST DAMIEN,ap1
BASQUIAT JEAN MICHEL,ap2
DOIG PETER,ap3
CHEN YIFEI,ap4
KOONS JEFF,ap5
KIEFER ANSELM,ap6
GURSKY ANDREAS,ap7
LIU XIAODONG,ap8
KELLEY MIKE,ap9
PRINCE RICHARD,ap10
HARING KEITH,ap11
ZHANG XIAOGANG,ap12
KAPOOR ANISH,ap13
SCHÜTTE THOMAS,ap14
SHERMAN CINDY,ap15
DUMAS MARLENE,ap16
SUGIMOTO HIROSHI,ap17
WOOL CHRISTOPHER,ap18
ZENG FANZHI,ap19
BARCELO MIQUEL,ap20
BROWN CECILY,ap21
MCCARTHY PAUL,ap22
LIU YE,ap23
WANG YIDONG,ap24
LENG JUN,ap25
NARA YOSHITOMO,ap26
FANG LIJUN,ap27
ZHOU CHUNYA,ap28
SCULLY SEAN,ap29
STRUTH THOMAS,ap30
MURAKAMI TAKASHI,ap31
CAI GUOQIANG,ap32
KIPPENBERGER MARTIN,ap33
SCHNABEL JULIAN,ap34
RAUCH NEO,ap35
STINGEL RUDOLF,ap36
MAPPLETHORPE ROBERT,ap37
AI XUAN,ap38
IMMENDORFF JÖRG,ap39
OEHLEN ALBERT,ap40
MUÑOZ JUAN,ap41
CATTELAN MAURIZIO,ap42
TROCKEL ROSEMARIE,ap43
GUPTA SUBODH,ap44
GORMLEY ANTONY,ap45
WANG GUANGYI,ap46
CONDO GEORGE,ap47
BANKSY,ap48
LIU WEI 1965,ap49
GROTJAHN MARK,ap50
XU BING,ap51
ELIASSON OLAFUR,ap52
LUO ZHONGLI,ap53
MAO XUHUI,ap54
RONDINONE UGO,ap55
HOLZER JENNY,ap56
JI DACHUN,ap57
DING YI,ap58
MEESE JONATHAN,ap59
PALADINO MIMMO,ap60
CRAGG TONY,ap61
CHIU YA TSAI,ap62
RUFF THOMAS,ap63
YIN ZHAOYANG,ap64
REYLE ANSELM,ap65
DELVOYE WIM,ap66
WEST FRANZ,ap67
KRUGER BARBARA,ap68
MUNIZ VIK,ap69
HE JIAYING,ap70
AI WEIWEI,ap71
PETTIBON RAYMOND,ap72
FETTING RAINER,ap73
OPIE JULIAN,ap74
FÖRG GÜNTHER,ap75
HALLEY PETER,ap76
KENTRIDGE WILLIAM,ap77
EMIN TRACEY,ap78
QUINN MARC,ap79
TILLMANS WOLFGANG,ap80
COMBAS ROBERT,ap81
BALKENHOL STEPHAN,ap82
LI HUAYI,ap83
HONG LING,ap84
LONGO ROBERT,ap85
MASRIADI I NYOMAN,ap86
PANG MAOKUN,ap87
OROZCO GABRIEL,ap88
YUE MINJUN,ap89
FISCHL ERIC,ap90
CHEN DANQING,ap91
MAO YAN,ap92
YAN PEI MING,ap93
BROWN GLENN,ap94
PEYTON ELIZABETH,ap95
GOBER ROBERT,ap96
SANCHEZ TOMÁS,ap97
YANG FEIYUN,ap98
ALYS FRANCIS,ap99
CHAO GE,ap100
HE DUOLING,ap101
GRELLE MARTIN,ap102
SCHUTZ DANA,ap103
ZHAN WANG,ap104
CHIA SANDRO,ap105
SALLE DAVID,ap106
HUME GARY,ap107
KOSUTH JOSEPH,ap108
ATCHUGARRY PABLO,ap109
YE YONGQING,ap110
LAWLER LOUISE,ap111
STORRIER TIMOTHY AUSTIN,ap112
LI CHEN,ap113
NESHAT SHIRIN,ap114
VAREJAO ADRIANA,ap115
MOSHIRI FARHAD,ap116
PLENSA JAUME,ap117
BAECHLER DONALD,ap118
LIGON GLENN,ap119
HORN RONI,ap120
XU LEI,ap121
RITTS HERB,ap122
CHEN KE,ap123
MILHAZES BEATRIZ,ap124
CURRIN JOHN,ap125
BRADFORD MARK,ap126
RUBY STERLING,ap127
GUO RUNWEN,ap128
LACHAPELLE DAVID,ap129
TANSEY MARK,ap130
TUYMANS LUC,ap131
SAVILLE JENNY,ap132
RICHTER DANIEL,ap133
OFILI CHRIS,ap134
HODGES JIM,ap135
PENONE GIUSEPPE,ap136
SASNAL WILHELM,ap137
PARRINO STEVEN,ap138
WALKER KARA,ap139
LEVINE SHERRIE,ap140
MELGAARD BJARNE,ap141
MORRIS SARAH,ap142
WALL JEFF,ap143
PERRY GRAYSON,ap144
ONUS LIN,ap145
ISHIDA TETSUYA,ap146
BLECKNER ROSS,ap147
MAJERUS MICHEL,ap148
GOLDIN NAN,ap149
XU LELE,ap150
YAN PING,ap151
WILEY KEHINDE,ap152
VENTURA RONALD,ap153
GUYTON WADE,ap154
FISCHER URS,ap155
OH CHI GYUN,ap156
WURM ERWIN,ap157
TIAN LIMING,ap158
ÖNSOY KEMAL,ap159
SHI GUOLIANG,ap160
SENJU HIROSHI,ap161
XIN DONGWANG,ap162
CHEN ZHEN,ap163
WEISCHER MATTHIAS,ap164
ZHANG HUAN,ap165
KUITCA GUILLERMO DAVID,ap166
GONZALEZ TORRES FELIX,ap167
DEMAND THOMAS,ap168
MEHRETU JULIE,ap169
BORREMANS MICHAËL,ap170
TAKANO AYA,ap171
MARIA DE NICOLA,ap172
YU HONG,ap173
MARTIN JASON,ap174
SCHARF KENNY,ap175
BRANDL HERBERT,ap176
HE BAILI,ap177
CAO LI,ap178
MANN SALLY,ap179
WANG YANCHENG,ap180
SHI CHONG,ap181
WANG XINGWEI,ap182
MINTER MARILYN,ap183
FENG YUAN,ap184
WALKER KELLEY,ap185
LIU WEI 1972,ap186
FENG DAZHONG,ap187
QIU XIAOFEI,ap188
JIANG HONGWEI,ap189
YE ZIQI,ap190
PASQUA PHILIPPE,ap191
AY TJOE CHRISTINE,ap192
DERAKSHANI REZA,ap193
FANG CHUXIONG,ap194
UKLANSKI PIOTR,ap195
CLEMENTE FRANCESCO,ap196
PIERSON JACK,ap197
BARNEY MATTHEW,ap198
ARKLEY HOWARD,ap199
JENNEY NEIL,ap200
BILAL ENKI,ap201
DUNHAM CARROLL,ap202
WHITEREAD RACHEL,ap203
SERRANO ANDRES,ap204
ANDERSSON KARIN MAMMA,ap205
ZHU WEI,ap206
LI GUIJUN,ap207
MUTU WANGECHI,ap208
KVIUM MICHAEL,ap209
SHAW RAQIB,ap210
LONG RICHARD,ap211
WANG KEPING,ap212
XIA XIAOWAN,ap213
MARSHALL KERRY JAMES,ap214
FRIZE BERNARD,ap215
XUE SONG,ap216
WANG MINGMING,ap217
PIGNATELLI LUCA,ap218
BUTTERFIELD DEBORAH,ap219
DOMINICIS DE GINO,ap220
COLEN DAN,ap221
GENZKEN ISA,ap222
MEIRELES CILDO,ap223
HAMMOND BILL,ap224
BRAAQ,ap225
XUE LIANG,ap226
LONG RUI,ap227
BRANDT NICK,ap228
LO GIUDICE MARCELLO,ap229
JONONE,ap230
REN ZHONG,ap231
BRADLEY JOE,ap232
ROTHENBERG SUSAN,ap233
YUSKAVAGE LISA,ap234
TANG ZHIGANG,ap235
FISCHLI & WEISS PETER & DAVID,ap236
LONG LIYOU,ap237
CHEN YANNING,ap238
SUI JIANGUO,ap239
AMER GHADA,ap240
XU JIANG,ap241
WYETH JAMIE,ap242
LUCAS SARAH,ap243
GOLDSTEIN JACK,ap244
VETTRIANO JACK,ap245
SMITH KIKI,ap246
GU WENDA,ap247
ESSER ELGER,ap248
CREWDSON GREGORY,ap249
KELLY JOHN,ap250
HANDIWIRMAN SAPUTRA,ap251
BISKY NORBERT,ap252
LIU DAN,ap253
KHER BHARTI,ap254
SALVO,ap255
FABRE JAN,ap256
LIU DAWEI,ap257
JIA AILI,ap258
FAN YANG,ap259
YUAN WU,ap260
ORLINSKI RICHARD,ap261
WANG YONG,ap262
OS GEMEOS,ap263
NAN HAIYAN,ap264
ZHANG ENLI,ap265
FAIREY SHEPARD,ap266
ZHU XINJIAN,ap267
RAY CHARLES,ap268
VIOLA BILL,ap269
ZHAO BANDI,ap270
REDDY RAVINDER,ap271
TAL R,ap272
NOLAND CADY,ap273
TAAFFE PHILIP,ap274
SACHS TOM,ap275
PAN DEHAI,ap276
BAS HERNAN,ap277
HUANG GANG,ap278
GUO WEI,ap279
XIA JUNNA,ap280
FENG ZHENGJIE,ap281
QIU ZHIJIE,ap282
GRAHAM RODNEY,ap283
GALLAGHER ELLEN,ap284
CHEN SHUZHONG,ap285
KALLAT JITISH,ap286
SUN LIANG,ap287
ARMLEDER JOHN MICHAEL,ap288
AMOR RICK,ap289
WOODMAN FRANCESCA,ap290
FABELO ROBERTO,ap291
DING FANG,ap292
XIANG JING,ap293
ZENG CHUANXING,ap294
LEWIS DYLAN,ap295
SHONIBARE YINKA,ap296
DUAN ZHENGQU,ap297
UTARIT NATEE,ap298
SULTAN DONALD,ap299
TU HONGTAO,ap300
YANG SHIHONG,ap301
WEI JIA,ap302
SHI DAWEI,ap303
FORD WALTON,ap304
ANDERSON HURVIN,ap305
JENKELL LAURENCE,ap306
TOLON CANAN,ap307
WANG XIJING,ap308
SMITH JOSH,ap309
SHU QUN,ap310
XIE NANXING,ap311
CUI XIAODONG,ap312
CHEN YUPU,ap313
TANG YONGLI,ap314
LOWMAN NATE,ap315
HOUSEAGO THOMAS,ap316
LI LAOSHI,ap317
WANG YIN,ap318
AUERBACH TAUBA,ap319
FANG XIANG,ap320
KNEFFEL KARIN,ap321
WANG GUANGLE,ap322
NAWA KOHEI,ap323
LI JIN,ap324
MURILLO OSCAR,ap325
GHENIE ADRIAN,ap326
BANISADR ALI,ap327
JOHNSON RASHID,ap328
KAWS,ap329
HELNWEIN GOTTFRIED,ap330
CHENG CONGLIN,ap331
FURNAS BARNABY,ap332
JIANG GUOFANG,ap333
TOMASELLI FRED,ap334
KIM DONG YOO,ap335
HOWSON PETER,ap336
DANIELS RENÉ,ap337
HUANG YONGPING,ap338
XIE DONGMING,ap339
TV SANTOSH,ap340
CHEN YIMING,ap341
ZHANG JIAN,ap342
ACHEFF WILLIAM,ap343
DICORCIA PHILIP LORCA,ap344
BILLGREN ERNST,ap345
CASTELLI LUCIANO,ap346
MISRACH RICHARD,ap347
XU MANGYAO,ap348
MANTOFANI RUDI,ap349
LI SONGSONG,ap350
LIU YI,ap351
HATOUM MONA,ap352
WANG KEJU,ap353
DAHOUL SAFWAN,ap354
NAHAS NABIL,ap355
XIAO HUIRONG,ap356
SAITO MAKOTO,ap357
YANG SHAOBIN,ap358
KANG HYUNG KOO,ap359
KATO IZUMI,ap360
ROKKAKU AYAKO,ap361
SUH DO HO,ap362
OLIVER BRONWYN,ap363
NAGEL PATRICK,ap364
CHEN PING,ap365
LI XIANG,ap366
INNES CALLUM,ap367
HUO CHUNYANG,ap368
BUTZER ANDRÉ,ap369
XU QINSONG,ap370
SU XIAOBAI,ap371
BOVE CAROL,ap372
TAN PING,ap373
YIADOM-BOAKYE LYNETTE,ap374
KILIMNIK KAREN,ap375
TYSON KEITH,ap376
SU XINPING,ap377
HAVEKOST EBERHARD,ap378
VEZZOLI FRANCESCO,ap379
QI ZHILONG,ap380
SHI LIANG,ap381
WINTERS TERRY,ap382
ZHANG LI,ap383
MENG LUDING,ap384
HE SEN,ap385
LAMBIE JIM,ap386
DOLRON DESIREE,ap387
WANG JINSONG,ap388
ZHOU TIEHAI,ap389
BEECROFT VANESSA,ap390
USLE JUAN,ap391
YUAN ZHENGYANG,ap392
ZHONG BIAO,ap393
XIONG YU,ap394
GORDON DOUGLAS,ap395
WEI ERSHEN,ap396
GUO JIN,ap397
YANG QIAN,ap398
MATSUURA HIROYUKI,ap399
SHINNORS JOHN,ap400
FUSS ADAM,ap401
LASKER JONATHAN,ap402
BROWN JAMES,ap403
GENG JIANYI,ap404
LI HUI,ap405
BECHER BERND & HILLA,ap406
CHOI SO YOUNG,ap407
SUWAGE AGUS,ap408
OUYANG CHUN,ap409
LI JIKAI,ap410
KAO YU,ap411
FAIBISOVICH SEMYON,ap412
VASCONCELOS JOANA,ap413
LIU QINGHE,ap414
LI XIAOGANG,ap415
ARIMOTO TOSHIO,ap416
LU YUSHUN,ap417
ASPEVIG CLYDE,ap418
SAMBA CHERI,ap419
ATA MUSTAFA,ap420
HENDRICKS BARKLEY LEONNARD,ap421
LU FUSHENG,ap422
LOU ZHENGGANG,ap423
CHAO HAI,ap424
YANG ERMIN,ap425
KASSAY JACOB,ap426
BAALBAKI AYMAN,ap427
MARCLAY CHRISTIAN,ap428
PAN GONGKAI,ap429
KHAN IDRIS,ap430
SEEN,ap431
GUO SHIFU,ap432
FUTURA 2000,ap433
ARNOLDI CHARLES,ap434
ZHENG BAICHONG,ap435
BRUYCKERE DE BERLINDE,ap436
CHEN WENJI,ap437
GU DEXIN,ap438
MCEWEN ADAM,ap439
MILLER HARLAND,ap440
XU ZHEN,ap441
PRUITT ROB,ap442
WARREN REBECCA,ap443
XU HUALING,ap444
ISRAEL ALEX,ap445
CHEN FEI,ap446
LI JINKUN,ap447
HAO LIANG,ap448
MI QIAOMING,ap449
ELROD JEFF,ap450
GATES THEASTER,ap451
VO DANH,ap452
WOOD JONAS,ap453
INVADER,ap454
SILLMAN AMY,ap455
TSUKAMOTO TOMOYA,ap456
BURGERT JONAS,ap457
YUAN YUAN,ap458
ANCART HAROLD,ap459
LAO LIAN BEN,ap460
TAPAYA-GARCIA RODEL,ap461
CUCCHI ENZO,ap462
EDER MARTIN,ap463
QIN FENG,ap464
DODIYA ATUL,ap465
SCHEIBITZ THOMAS,ap466
SKREBER DIRK,ap467
VINOGRADOV & DUBOSSARSKY,ap468
MIAN SITU,ap469
DEWS JOHN STEVEN,ap470
LING JIAN,ap471
MIYAJIMA TATSUO,ap472
KO YOUNG HOON,ap473
WANG XIANGMING,ap474
LOU BO’AN,ap475
MAGUIRE TIM,ap476
ZHANG DALI,ap477
YAN LEI,ap478
LI TIANYUAN,ap479
POLIDORI ROBERT,ap480
HU JIANCHENG,ap481
BICKERTON ASHLEY,ap482
KOSTABI MARK,ap483
ROSA DI HERVE,ap484
RANA RASHID,ap485
GUAN YONG,ap486
BALINCOURT DE JULES,ap487
MAIER AICHEN FLORIAN,ap488
SUTAWIJAYA PUTU,ap489
ZHANG PEILI,ap490
TURK GAVIN,ap491
CHANG QING,ap492
EMPEL VAN RUUD,ap493
QIU DESHU,ap494
CAI ZHISONG,ap495
SHISHEGARAN KOOROSH,ap496
HANSON ROLF,ap497
LI QING,ap498
SALCEDO DORIS,ap499
AKAKCE HALUK,ap500
JENSEN SERGEJ,ap501
BURTYNSKY EDWARD,ap502
DAMISCH GUNTER,ap503
KE LIANG,ap504
LIU KONGXI,ap505
ALSOUDANI AHMED,ap506
QIU HANQIAO,ap507
MR BRAINWASH,ap508
PENG SI,ap509
GONG WENZHEN,ap510
CAO JUN,ap511
MO KE,ap512
BARTON DEL KATHRYN,ap513
PRICE SETH,ap514
JIA GUANGJIAN,ap515
ZHOU JINGXIN,ap516
LI XIAOXUAN,ap517
HUANG JIANNAN,ap518
CHEN YONGQIANG,ap519
OWENS LAURA,ap520
PENG WEI,ap521
OSTROWSKI DAVID,ap522
THOMAS MICKALENE,ap523
ARCANGEL CORY,ap524
DUAN JIANYU,ap525
EISENMAN NICOLE,ap526
ARMLEDER JOHN,ap527
BARRIOQUINTO ANDRES,ap528
HUANG YUXING,ap529
POLZIN KYLE,ap530
KIM TAEHO,ap531
CORDIER DE THIERRY,ap532
GROSSE KATHARINA,ap533
LEE BAE,ap534
RAMMELLZEE,ap535
TARASEWICZ LEON,ap536
FRIEDMAN TOM,ap537
ACKERMANN FRANZ,ap538
PHILLIPS RICHARD,ap539
LANDERS SEAN,ap540
WANG QINGSONG,ap541
ZHANG LINHAI,ap542
DOKOUPIL JIRI GEORG,ap543
EDEFALK CECILIA,ap544
WEI RONG,ap545
YU XIAOFU,ap546
RHOADES JASON,ap547
TENMYOUYA HISASHI,ap548
FERNSTROM LINN,ap549
SICILIA JOSE MARÍA,ap550
BAE BIEN U,ap551
COOKE NIGEL,ap552
ALTHOFF KAI,ap553
HENNING ANTON,ap554
SONG YONGHONG,ap555
SIMMONS LAURIE,ap556
CANO JOSE MARÍA,ap557
YANG JIECHANG,ap558
WILLIAMS SUE,ap559
TESKEY DONALD,ap560
NORDSTROM JOCKUM,ap561
WANG YUQI,ap562
SUN WEIMIN,ap563
SHEN XIAOTONG,ap564
DODIYA ANJU,ap565
CHEN WENBO,ap566
ZHENG GUOGU,ap567
QU GUANGCI,ap568
PURYGIN LEONID,ap569
FLEURY SYLVIE,ap570
PIZZI CANNELLA PIERO,ap571
AOSHIMA CHIHO,ap572
SHORE STEPHEN,ap573
CECCOBELLI BRUNO,ap574
TEXIER RICHARD,ap575
SHI XINNING,ap576
LOU LIZA,ap577
ELENBERG JOEL,ap578
XIA XING,ap579
HUANG MINGZHE,ap580
PIERRE & GILLES,ap581
PEREZ ENOC,ap582
WANG YIGANG,ap583
YI HWAN KWON,ap584
LIU DAHONG,ap585
YUNIZAR,ap586
KOTTIS YANNIS,ap587
LIEN CHIEN HSING,ap588
ALFI JUMALDI,ap589
IRFAN M.,ap590
MUECK RON,ap591
SUN LIXIN,ap592
PIRHASHEMI AFSHIN,ap593
ZHANG YIBO,ap594
BAYKAM BEDRI,ap595
HAUSNER XENIA,ap596
BUBI,ap597
BLEK LE RAT,ap598
JACKSON MATTHEW DAY,ap599
ALTMEJD DAVID,ap600
CEYLAN TANER,ap601
COTTON SHANE,ap602
ORAN AHMET,ap603
CHE PENGFEI,ap604
MENG XIANGSHUN,ap605
ALEXANDER KEITH SAVEL,ap606
NAKAJIMA CHINAMI,ap607
WU CHENGWEI,ap608
XIONG HONGGANG,ap609
WANG CHUANFENG,ap610
ZHAO JIANCHENG,ap611
FAN BO,ap612
DUAN JIANWEI,ap613
LIANG Z.S.,ap614
NIE OU,ap615
LUO QUANMU,ap616
GÜRBÜZ SELMA,ap617
YU HUI,ap618
SONG YULIN,ap619
LIU JIUTONG,ap620
CUI JINGZHE,ap621
LIU YONG,ap622
BESHTY WALEAD,ap623
SUN XIAOYUN,ap624
QUAYTMAN REBECCA,ap625
LIU GUANG,ap626
FLOOD MARK,ap627
ZENG JIANYONG,ap628
SONG KUN,ap629
WU YUESHI,ap630
LI ZHENGZHENG,ap631
CRUZ JIGGER,ap632
THOMPSON CHEYNEY,ap633
SANTOS III JOSE JOHN,ap634
SODI BOSCO,ap635
MASAKAZU IWAMOTO,ap636
LIANG YUANWEI,ap637
GARBER-MAIKOVSKA AARON,ap638
CROSBY NJIDEKA AKUNYILI,ap639
MINGMING WANG,ap640
PENG CHANGAN,ap641
TAYLOR HENRY,ap642
CABIGTING ANNIE,ap643
GOKITA TOMOO,ap644
SHIHONG YANG,ap645
HUGHES SHARA,ap646
LERIN LARS,ap647
STIK,ap648
BIDLO MIKE,ap649
EITEL TIM,ap650
DALWOOD DEXTER,ap651
RAEDECKER MICHAEL,ap652
VOLKOV SERGUEI,ap653
CHENG YAJIE,ap654
KAHRS JOHANNES,ap655
HANDFORTH MARK,ap656
EQUIPO CRONICA,ap657
CHAPMAN DINOS & JAKE,ap658
ARAD RON,ap659
KANTOR MAXIM,ap660
CAI JIN,ap661
LEE YONG DEOK,ap662
LU HAO,ap663
WU SHANZHUAN,ap664
DAVIE KARIN,ap665
ZENG HAO,ap666
LAMMI ILKKA,ap667
BEVAN TONY,ap668
UPADHYAY CHINTAN,ap669
MA LIUMING,ap670
ZHANG XIAOTAO,ap671
JING KEWEN,ap672
PONMANY JUSTIN,ap673
GAROUSTE GERARD,ap674
LI SHUANG,ap675
BALTZ LEWIS,ap676
REN XIAOLIN,ap677
HONG HAO,ap678
ZHENG ZAIDONG,ap679
DIJKSTRA RINEKE,ap680
MUNTEAN & ROSENBLUM,ap681
LEIBOVITZ ANNIE,ap682
YANG MAOLIN,ap683
KANG IK JOONG,ap684
LODOLA MARCO,ap685
RONDA OMAR APRILE,ap686
FRANGI GIOVANNI,ap687
YIN KUN,ap688
AIDA MAKOTO,ap689
AL RAES ABDUL KADIR,ap690
BANKS VIOLETTE,ap691
LI TIANBING,ap692
WU MINGZHONG,ap693
MENDIETA ANA,ap694
GONG LILONG,ap695
KOH TERENCE,ap696
SHICHINOHE MASARU,ap697
WEI XIAOMING,ap698
KOMU RIYAS,ap699
KUSTARTO BUDI,ap700
PITTMAN LARI,ap701
CHEN WENLING,ap702
KOBAYASHI HIROSHI,ap703
NOVIKOV TIMUR PETROVICH,ap704
XIANG QINGHUA,ap705
SHEN JIAWEI,ap706
KORAICHI RACHID,ap707
THUKRAL & TAGRA JITEN & SUMIR,ap708
FUNAKOSHI KATSURA,ap709
HONG KYOUNG TACK,ap710
BAKER KRISTIN,ap711
NABIL YOUSSEF,ap712
HWANG JAI HYOUNG,ap713
IWAMOTO MASAKATU,ap714
MARÍN JAVIER,ap715
ESSAYDI LALLA,ap716
JAVIER GERALDINE,ap717
WANG MAI,ap718
AITKEN DOUG,ap719
HE HONGZHOU,ap720
WANG GUANJUN,ap721
MIDDENDORF HELMUT,ap722
NAVARRO IVAN,ap723
ORMANCI ZEKAI,ap724
SPEEDY GRAPHITO,ap725
MA XINLE,ap726
GHAREM ABDULNASSER,ap727
SU BAIJUN,ap728
ABRAMOVIC MARINA,ap729
QUINN GED,ap730
LI AIGUO,ap731
WANG XIAOBO,ap732
YOUNG AARON,ap733
YANG YAN,ap734
BARTLETT BO,ap735
YOUNG RUSSELL,ap736
YANG XIAOYANG,ap737
ABDESSEMED ADEL,ap738
JIANG HUAN,ap739
WEEMS CARRIE MAE,ap740
YAO MINGJING,ap741
SON SANGKI,ap742
QIN QI,ap743
KUNATH FRIEDRICH,ap744
WEI XIAORONG,ap745
LIU ZIGANG,ap746
QIU GUANGPING,ap747
WANG CHUAN,ap748
YIN XIONG,ap749
SONG YANJUN,ap750
SZETO LAP,ap751
WANG JIANWEI,ap752
WANG GUOXIN,ap753
ZHOU SONG,ap754
SULLIVAN RYAN,ap755
ZHANG YOUXIAN,ap756
ZENG LAIDE,ap757
TARDI JACQUES,ap758
ZHAO WEI,ap759
MANARA MILO,ap760
LE ZHENWEN,ap761
XING DONG,ap762
XIAO HAN,ap763
SMITH LUCIEN,ap764
GURYANOV GEORGY,ap765
WANG HUANGSHENG,ap766
GUAN JUN,ap767
WANG TIANDE,ap768
REES DAN,ap769
CABELLUT LITA,ap770
RAZOUMOV CONSTANTIN,ap771
LIN YONGSONG,ap772
VÆRSLEV FREDERIK,ap773
LIN HAIZHONG,ap774
SHEN QIN,ap775
CHEN YUJUN,ap776
WU YI,ap777
GILLESPIE ROWAN,ap778
LEE JANE,ap779
BORLONGAN ELMER,ap780
CORSE MARY,ap781
MARTINEZ EDDIE,ap782
OH YOON,ap783
HEYL VON CHARLINE,ap784
XU LI,ap785
OH SU FAN,ap786
SONG XUE,ap787
MERTA JAN,ap788
TATARCZYK TOMASZ,ap789
WU HUAN,ap790
Avery Singer (B. 1987),ap791
David Wojnarowicz (1954-1992),ap792
Richard Hambleton (1952-2017),ap793
Jennifer Guidi (B. 1972),ap794
Yoichi Ohira (B. 1946),ap795
Tom Otterness (B. 1952),ap796
Stanley Whitney (B. 1946),ap797
Mark Justiniani (B. 1966),ap798
Chris Levine (B. 1960),ap799
Cressida Campbell (B. 1960),ap800
Vhils (B. 1987),ap801
Wal-Chong Lee (B. 1945),ap802
Heimo Zobernig (B. 1958),ap803
Aboudia Abdoulaye Diarrassouba (B. 1983),ap804
Hunt Slonem (B. 1951),ap805
NEWSON MARC,ap806
HONG KYONG TACK,ap807
SHAW JIM,ap808
YOUNG STEPHEN SCOTT,ap809
CHOI YEONG GEOL,ap810
WANG DU,ap811
WANG JIN,ap812
SCHNELL DAVID,ap813
SUGITO HIROSHI,ap814
RITCHIE MATTHEW,ap815
NATESAN SHIBU,ap816
LIU JIANHUA,ap817
KOBE MARTIN,ap818
DOHERTY JOHN,ap819
CURLING PETER,ap820
WEI DONG,ap821
ESSENHIGH INKA,ap822
VELASCO,ap823
COTTON WILLIAM,ap824
OURSLER TONY,ap825
LEDRAY CHARLES,ap826
CREED MARTIN,ap827
CONROY STEPHEN,ap828
CALLE SOPHIE,ap829
MALNOVITZER ZVI,ap830
HE DAQIAO,ap831
BRUSKIN GRISHA,ap832
MAO YIGANG,ap833
BEDIA VALDES JOSE,ap834
WENG FEN,ap835
MA DESHENG,ap836
CASEBERE JAMES,ap837
REN CHUANWEN,ap838
LIN TIANMIAO,ap839
MR IWAMOTO MASAKATU,ap840
KORNER JOHN,ap841
WATANABE SATOSHI,ap842
PARTHAN BAIJU,ap843
YIN QI,ap844
MUNOZ VERA GUILLERMO,ap845
ZHAO NENGZHI,ap846
RHEIMS BETTINA,ap847
LAVIER BERTRAND,ap848
ZHANG YU,ap849
O’NEILL MARK,ap850
AHN SUNG HA,ap851
CUI XIUWEN,ap852
YANG DENGXIONG,ap853
BOISROND FRANCOIS,ap854
MAO TONGQIANG,ap855
DESSI GIANNI,ap856
DZAMA MARCEL,ap857
DISLER MARTIN,ap858
KNUTTEL GRAHAM,ap859
MA BAOZHONG,ap860
XU WEIXIN,ap861
KUO JEN CHANG,ap862
KOREHIKO HINO,ap863
YAMAGUCHI AKIRA,ap864
GAO XIAOHUA,ap865
FAILE,ap866
HYBER FABRICE,ap867
PENNY EVAN,ap868
NORTON JIM C.,ap869
JIANG SHUO,ap870
TAYLOR WOOD SAM,ap871
CHEN ANJIAN,ap872
NAKAYAMA NORIYUKI,ap873
HAN YAJUAN,ap874
HE WENJUE,ap875
SU WONG SHEN,ap876
LEE JUNG WOONG,ap877
AHMAD ZAKII ANWAR,ap878
LUO FAHUI,ap879
KAWASHIMA HIDEAKI,ap880
YIN JUN,ap881
CHAI XIAOGANG,ap882
CAI YUSHUI,ap883
KRISTIANDANA AGAPETOES AGUS,ap884
DENG JIANJIN,ap885
JIANG SHANQING,ap886
LEE BUL,ap887
MIYAKE IKKI,ap888
SEMBODO ALIT,ap889
SONG DONG,ap890
FATMI MOUNIR,ap891
PURNOMO HARIS,ap892
HAERIZADEH ROKNY,ap893
GALAN JULIO,ap894
JABBARI SEDAGHAT,ap895
FX HARSONO,ap896
AMANO YOSHITAKA,ap897
EDMONDSON MACHIKO,ap898
YABUUCHI SATOSHI,ap899
KWON KISOO,ap900
GALLIANI OMAR,ap901
OLAF ERWIN,ap902
ISLIMYELI NACI BALKAN,ap903
ALEXANDER JANE,ap904
KAMI Y.Z.,ap905
SNOW DASH,ap906
GUNESTEKIN AHMET,ap907
TESTINO MARIO,ap908
HERNANDEZ SERGIO,ap909
O’DONOGHUE HUGHIE,ap910
JIAO XINGTAO,ap911
YALCINDAG EKREM,ap912
BI JIANXUN,ap913
KABAKOV ILYA & EMILIA,ap914
MIAO ZAIXIN,ap915
JIN JIAZHEN,ap916
SHI BENMING,ap917
YI MING,ap918
ZHANG ZHAODA,ap919
YING TIANQI,ap920
HUANG RUI,ap921
ARIFIN SAMSUL,ap922
KANG HAITAO,ap923
WANG SHENGYONG,ap924
CHANG TIANHU,ap925
WAHLSTRAND GUNNEL,ap926
HERRERA ARTURO,ap927
GU ZHINONG,ap928
HAN SHULI,ap929
MO XIAOSONG,ap930
KOKER AZADE,ap931
SIGRIST FLORE,ap932
WEISTLING MORGAN,ap933
LU HUAIZHONG,ap934
QUILTY BEN,ap935
DRISSI MOHAMED,ap936
CLAIRMONT PHILIP ANTHONY,ap937
ZIMMERMANN PETER,ap938
LIANG WENBO,ap939
QU ZHI,ap940
YOU JINDONG,ap941
ZHANG ZHIMIN,ap942
MORRIS WILLIAM,ap943
THE BRUCE HIGH QUALITY FOUNDATION,ap944
CHEN WUJI,ap945
GUAN CE,ap946
YUAN GONG,ap947
CORDERO HORACIO,ap948
MCCURRY STEVE,ap949
TANG ZHEMING,ap950
ZHAO GANG,ap951
SCHUITEN FRANCOIS,ap952
VENA NED,ap953
MAO LIZI,ap954
YUAN QINGYI,ap955
LIDEN KLARA,ap956
LI SIYUN,ap957
CAO YONG,ap958
RANCINAN GERARD,ap959
JUN SHOU,ap960
ZHU JINSHI,ap961
JIANG JI'AN,ap962
HUANG YIHAN,ap963
YANG FUDONG,ap964
DANG ZHEN,ap965
LUND ISRAEL,ap966
CHEN XINHUA,ap967
LIN RONGSHENG,ap968
ZHU PENGGAO,ap969
QIN AI,ap970
ZHENG LI,ap971
LI TANG,ap972
YU SHUI,ap973
FANG CHUQIAO,ap974
ITO PARKER,ap975
SCOTT-DOUGLAS HUGH,ap976
WU GUANNAN,ap977
YANG LIQI,ap978
HUANG DAN,ap979
LIU ERGANG,ap980
JOSIGNACIO,ap981
XU HONGFEI,ap982
LIANG QUAN,ap983
COLEMAN JOHN,ap984
CHEN CHENGWEI,ap985
LEIRNER JAC,ap986
ROSA CHRISTIAN,ap987
WADDEN BRENT,ap988
WONG MARTIN,ap989
BERNADET JEAN-BAPTISTE,ap990
ZHOU CHANGJIANG,ap991
TAN JUN,ap992
CLARKE BRIAN,ap993
AWANG DAMIT AHMAD,ap994
LIU RENDAO,ap995
BURDEN CHRIS,ap996
ZHANG XINQUAN,ap997
FU ZENAN,ap998
ECHAKHCH LATIFA,ap999
ZENG XIAOJUN,ap1000
ARUNANONDCHAI KORAKRIT,ap1001
HOROWITZ JONATHAN,ap1002
CASSELMAN STANLEY W.,ap1003
CHUA EK KAY,ap1004
HEROLD GEORG,ap1005
CORTRIGHT PETRA,ap1006
ZHENG FAXIANG,ap1007
GUFFOGG SHANE,ap1008
KREBBER MICHAEL,ap1009
OHTAKE SHINRO,ap1010
DU XINYUAN,ap1011
TJAPALTJARRI WARLIMPIRRNGA,ap1012
BAI YUNXIANG,ap1013
GUO GUAN,ap1014
LEE DONG-YOUB,ap1015
MACIEJOWSKI MARCIN,ap1016
CATHERINE NORMAN CLIVE,ap1017
PAREKOWHAI MICHAEL,ap1018
LIM OK-SANG,ap1019
MA KE,ap1020
PARK YUNG NAM,ap1021
BATES DAVID,ap1022
JOFFE CHANTAL,ap1023
MOKE,ap1024
SCHWONTKOWSKI NORBERT,ap1025
Geng Jianyi (1962-2017),ap1026
Lorna Simpson (B. 1960),ap1027
Jacqueline Humphries (B. 1960),ap1028
Adam Pendleton (B. 1984),ap1029
Wang Haili (B. 1959),ap1030
Shen Xiangyin (B. 1984),ap1031
Andy Denzler (B. 1965),ap1032
Edmund De Waal (B. 1964),ap1033
Jorinde Voigt (B. 1977),ap1034
An Qibang (B. 1956),ap1035
David Kim Whittaker (B. 1964),ap1036
Zhao Zhao (B. 1982),ap1037
Walter Swennen (B. 1946),ap1038
Keith Coventry (B. 1958),ap1039
Nicolas Party (B. 1980),ap1040
Toyin Ojih Odutola (B. 1985),ap1041
Tschabalala Self (B. 1990),ap1042
Mary Weatherford (B. 1963),ap1043
Pascale Marthine Tayou (B. 1967),ap1044
Jordan Casteel (B. 1989),ap1045
Amy Sherald (B. 1973),ap1046
Nina Chanel Abney (B. 1982),ap1047
Christina Quarles (B. 1985),ap1048
Josh Smith (B. 1976),ap1049
Madsaki (B. 1974),ap1050
Mcarthur Binion (B. 1946),ap1051
Logan Maxwell Hagege (B. 1980),ap1052
Loie Hollowell (B. 1983),ap1053
Rudolf Polanszky (B. 1951),ap1054
Gao Yun (B. 1956),ap1055
Angel Otero (B. 1981),ap1056
Barry Mcgee (B. 1966),ap1057
Retna (B. 1979),ap1058
Marina Cruz Garcia (B. 1982),ap1059
Moe Nakamura (B. 1988),ap1060
Katherine Bernhardt (B. 1975),ap1061
XIAO LU,ap1062
NES ADI,ap1063
CHOE U RAM,ap1064
KUANG JIAN,ap1065
VIOLETTE BANKS,ap1066
HIRSCHHORN THOMAS,ap1067
NASH DAVID,ap1068
PFEIFFER PAUL,ap1069
BRAMHAM CHRISTOPHER,ap1070
BAUMGARTEL TILO,ap1071
FERNANDEZ TERESITA,ap1072
HERSHBERG ISRAEL,ap1073
CHIEH JEN CHEN,ap1074
SCHNEIDER GREGOR,ap1075
LU SHENGZHONG,ap1076
LOEB DAMIAN,ap1077
CAO JIGANG,ap1078
ALMOND DARREN,ap1079
SARMENTO JULIAO,ap1080
DUNCAN ROBERT,ap1081
LEIRO FRANCISCO,ap1082
WOLFE STEVE,ap1083
RUCKHABERLE CHRISTOPH,ap1084
HUANG YAN,ap1085
HONG LEI,ap1086
HELMANTEL HENK,ap1087
NAN XI,ap1088
PATTERSON SIMON,ap1089
MAZUMDAR CHITTROVANU,ap1090
MICALLEF ANTONY,ap1091
YE JIANQING,ap1092
YAN BO,ap1093
NOVIKOV TIMUR,ap1094
KNOBLOCH THORALF,ap1095
MAITY PARESH,ap1096
MORIMURA YASUMASA,ap1097
GANO CARA,ap1098
CHENG TSAI TUNG,ap1099
DAHN WALTER,ap1100
BOCK JOHN,ap1101
BENJAMIN JASON,ap1102
LEI SHUANG,ap1103
WU TIANZHANG,ap1104
MORI MARIKO,ap1105
LUTTER VERA,ap1106
WEI GUANGQING,ap1107
SALVO SALVATORE,ap1108
RUYTER LISA,ap1109
FRANCIS MARK,ap1110
YAN YAYA,ap1111
BAI YILUO,ap1112
MARSHENNIKOV SERGEY,ap1113
MCDONNELL HECTOR,ap1114
KOLTE PRABHAKAR,ap1115
HAI BO,ap1116
SCHERMAN TONY,ap1117
CANG XIN,ap1118
NISHIZAWA CHIHARU,ap1119
ROVNER MICHAL,ap1120
SHENG QI,ap1121
BLAIS JEAN CHARLES,ap1122
LUX LORETTA,ap1123
RONG RONG,ap1124
RENARD STEPHEN J.,ap1125
LI KAI,ap1126
LA CHAPELLE DAVID,ap1127
BLUM GUNTER,ap1128
GOLDSWORTHY ANDY,ap1129
GILBERT & GEORGE,ap1130
HARSHA N.S.,ap1131
HADID ZAHA,ap1132
NISHIO YASUYUKI,ap1133
HE DATIAN,ap1134
BENNETT GORDON,ap1135
SIKANDER SHAHZIA,ap1136
ZHANG HONGNIAN,ap1137
LIU ZHENG,ap1138
HOU CHUNMING,ap1139
LI ZIJIAN,ap1140
BINEBINE MAHI,ap1141
AES,ap1142
HOLLER CARSTEN,ap1143
TABENKIN LEV ILÏÏTCH,ap1144
DI LIFENG,ap1145
BROADAWAY ANN,ap1146
PURKAYASTHA ASHIM,ap1147
HWANG JYI,ap1148
WATT ALISON,ap1149
ZHENG YI,ap1150
WANG SHENGLI,ap1151
JOO MICHAEL,ap1152
LI LEI,ap1153
SHENGZHONG LU,ap1154
WANG ZIWEI,ap1155
PANDA JAGANNATH,ap1156
KOPYSTIANSKAYA SVETLANA,ap1157
GARCIA NONA,ap1158
FATHI GOLNAZ,ap1159
YANG GUOXIN,ap1160
YUAN XIAOFANG,ap1161
MING JING,ap1162
MALANI NALINI,ap1163
CARNEGIE GILLIAN,ap1164
BARBIER GILLES,ap1165
XIN HAIZHOU,ap1166
DANG XUAN HOA,ap1167
JIA DIFEI,ap1168
SAKURAI RIEKO,ap1169
XIAO HONG,ap1170
RAE FIONA,ap1171
TZAPOFF ANTOINE,ap1172
KRISHNAMACHARI BOSE,ap1173
NAVRATIL WALTER,ap1174
SITNIKOV ALEXANDER,ap1175
TAKANOBU KOBAYASHI,ap1176
BIANCHI DOMENICO,ap1177
ZHENG DELONG,ap1178
BLANCHARD REMY,ap1179
WANG JIAMING,ap1180
AZAM NASSER,ap1181
LIU YONGGANG,ap1182
MEYERSON JIN,ap1183
ADJAYE DAVID,ap1184
MELAMID ALEKSANDR,ap1185
BASU JYOTHI,ap1186
SUWA ATSUSHI,ap1187
KIM KANG YONG,ap1188
QI HAIFENG,ap1189
JIANG HENG,ap1190
WATANABE MITSURU,ap1191
PEREZ VILLALTA GUILLERMO,ap1192
SEMENOV EVGENY,ap1193
YEH CHU SHENG,ap1194
NOVIKOV IGOR,ap1195
ANDY DIPO,ap1196
GIANT OBEY,ap1197
UPADHYAY HEMA,ap1198
FENG ZHONGQI,ap1199
LEE DONGI,ap1200
WALKER NICK,ap1201
UNTORO UGO,ap1202
LIBENSKY & BRYCHTOVA STANISLAV & JAROSLAVA,ap1203
CHRISTANTO DADANG,ap1204
JIA GANG,ap1205
SANDORFI ETIENNE,ap1206
PERELLO JOHN,ap1207
HENDRA ZULFA,ap1208
PETRUS MARCO,ap1209
ZULKIFLI GALAM,ap1210
KITAGAWA HIROTO,ap1211
ZVEZDOCHETOV KONSTANTIN,ap1212
SUPRIA DEDE ERI,ap1213
CRASH,ap1214
NUGROHO EKO,ap1215
BROOD HERMAN,ap1216
TANG MULI,ap1217
WANG SHUPING,ap1218
LIANG ZHUOSHU,ap1219
ZHAO QING,ap1220
KONOIKE TOMOKO,ap1221
MANZELLI MARGHERITA,ap1222
YAMAMOTO RYUKI,ap1223
GUO CHENGCHANG,ap1224
WANG XINSHENG,ap1225
JIANG JIANZHONG,ap1226
BOTARRO REMUS BOTAR,ap1227
EBIHARA YASUSHI,ap1228
SIDERSKY ANDRE,ap1229
OTHONIEL JEAN MICHEL,ap1230
AH XIAN,ap1231
DEACON RICHARD,ap1232
KANEDA SHOWICHI,ap1233
VEILHAN XAVIER,ap1234
CHINAMI NAKAJIMA,ap1235
FUJITA GAJIN,ap1236
NOT VITAL,ap1237
HERNANDEZ JUAN MANUEL,ap1238
LEE SUN DON,ap1239
BUSTAMANTE JEAN MARC,ap1240
YANG POLIN,ap1241
HILDEBRANDT GREGOR,ap1242
GUN MEHMET,ap1243
REN JIMIN,ap1244
MCGINNESS RYAN,ap1245
PALOLO JOAO ANTÒNIO DA SILVA,ap1246
LEE LEE NAM,ap1247
QU LEI LEI,ap1248
LEVINTHAL DAVID,ap1249
ERTUG AHMET,ap1250
ERLICH LEANDRO,ap1251
SEMERCIOGLU GULAY,ap1252
MEDLIN JAMIE,ap1253
UYGUN MEHMET,ap1254
ONURMEN IRFAN,ap1255
BATIBEKI KEZBAN ARCA,ap1256
FRANK DALE LEONARD,ap1257
CHEN LIU,ap1258
NUNZIANTE ANTONIO,ap1259
KETTER CLAY,ap1260
BACH ELVIRA,ap1261
UYGUN EBRU,ap1262
PICHHADZE MEIR,ap1263
WU BING,ap1264
JIN SHUNKUI,ap1265
LIU CHUNXI,ap1266
LV JIA,ap1267
LING HUITAO,ap1268
WANG CHENGYUN,ap1269
CHANG CHENG,ap1270
CHEN MING,ap1271
ZHANG ZE,ap1272
ZHANG RENYUAN,ap1273
MIYASAKO MASAAKI,ap1274
SHAO FEI,ap1275
SHAO FAN,ap1276
LI RU,ap1277
SHEN FAN,ap1278
ALONSO MARTINEZ ANTONIO,ap1279
BOYLE FAMILY,ap1280
PRAMUHENDRA ARIADIHTYA,ap1281
FAN MINGZHENG,ap1282
REN JIAN,ap1283
ZIPP THOMAS,ap1284
WANG YUPING,ap1285
MAHENDRA YASA GEDE,ap1286
SHEN JINGDONG,ap1287
SCHMALIX HUBERT,ap1288
FRIE PETER,ap1289
MANGU PUTRA GUSTI AGUNG,ap1290
WANG CHENGXI,ap1291
LIU YUI,ap1292
HUANG MING,ap1293
LI YOUSONG,ap1294
YAN FEIHONG,ap1295
YU HANXI,ap1296
SONG LING,ap1297
GU XIONG,ap1298
GUO BEIPING,ap1299
MACH DAVID,ap1300
LI FENGBAI,ap1301
MEI MOSHENG,ap1302
LI XIANGQUN,ap1303
JIANG HONGGUANG,ap1304
HE WENQING,ap1305
SONG YU,ap1306
EL SIWI ADEL,ap1307
LI JINGUO,ap1308
ZHU DEYONG,ap1309
KRIVOLAP ANATOLIY,ap1310
WU WENSHENG,ap1311
INDIEGUERILLAS,ap1312
FENG YIMING,ap1313
ZHU YIYONG,ap1314
RHODE ROBIN,ap1315
BROOS KARIN,ap1316
DEREDIA JIMEMEZ,ap1317
KARAM NADIM,ap1318
CASWELL RIP,ap1319
HAO BANGYI,ap1320
SHEN DAOHONG,ap1321
AVEDISSIAN CHANT,ap1322
LI FANGQING,ap1323
TIAN JIAQING,ap1324
ZHAO QI,ap1325
HE SHAOJIAO,ap1326
LU ZHONGPING,ap1327
RYDEN MARK,ap1328
WATERIDGE JONATHAN,ap1329
AL DOWAYAN MANAL,ap1330
HUANG YONGYU,ap1331
GYATSO GONKAR,ap1332
SHU YONG,ap1333
ZHAO WEIDONG,ap1334
XUE LINXING,ap1335
YANG PEIJIANG,ap1336
LI XIAOCHAO,ap1337
HUNDLEY ELIOTT,ap1338
HOUSHIARY SHIRAZEH,ap1339
LEI MIAO,ap1340
LI WENTAO,ap1341
WHITE ROBIN,ap1342
SHAW GEORGE,ap1343
HE CHENG,ap1344
CURRY AARON,ap1345
CHANG FEE MING,ap1346
CUI JIN,ap1347
YUAN HUI,ap1348
ZHANG YUDONG,ap1349
CHEN REN,ap1350
CHEN ZHIGUANG,ap1351
ZHAN SHAN,ap1352
CHAN WALLACE,ap1353
WANG SHAOLUN,ap1354
RUAN RONGCHUN,ap1355
HE JIANNING,ap1356
FRAZIER LUKE,ap1357
HE SHUIFA,ap1358
RIEDEL MICHAEL S.,ap1359
SHEN LING,ap1360
HAN YULONG,ap1361
LI YUANDONG,ap1362
RAN JINSONG,ap1363
JI ZEFU,ap1364
SHEN SHAOMIN,ap1365
ZHAO MAN,ap1366
JIN FENG,ap1367
CHEN LIANGMIN,ap1368
KIM HONG JOO,ap1369
WANG ZIJIAO,ap1370
HUBBARD ALEX,ap1371
LIN JIABING,ap1372
ZHANG FEI,ap1373
HE JIALIN,ap1374
CAI GUANGBIN,ap1375
CHEN YUMING,ap1376
TANG WEI MIN,ap1377
CRECY DE NICOLAS,ap1378
LI DONGWEI,ap1379
MAN WEIQI,ap1380
MO YAN,ap1381
ZHU DAOPING,ap1382
ZHANG FUJUN,ap1383
SONG YUMING,ap1384
SFAR JOANN,ap1385
HU YONGKAI,ap1386
WANG MAOFEI,ap1387
XIE TIANCI,ap1388
MCGINLEY RYAN,ap1389
ZHANG SHAOHANG,ap1390
CHE JIANQUAN,ap1391
HE HAIXI,ap1392
LIU HUAISHAN,ap1393
SALADI ABBÉS,ap1394
HAN YUCHEN,ap1395
CHENG DALI,ap1396
YANG JIANHUA,ap1397
NIXON NICHOLAS,ap1398
LUO HANLEI,ap1399
HUANG GUANYU,ap1400
QANDEEL ABDULLAH,ap1401
ZHAO LU,ap1402
TANG KIANG HOW,ap1403
FAN CUNGANG,ap1404
QIN XIUPING,ap1405
EISNER LOUIS,ap1406
ZHANG DONGFENG,ap1407
KAHN WYATT,ap1408
WU HAO,ap1409
SHEN NING,ap1410
POUR KOUR,ap1411
SONG CAOREN,ap1412
DARMSTAEDTER NICK,ap1413
ZHU ZHENGMING,ap1414
FANG TU,ap1415
BIAN PINGSHAN,ap1416
LEI ZIREN,ap1417
GUO TAILAI,ap1418
LIU QI,ap1419
NIE WEIGU,ap1420
HAN SHUO,ap1421
A HAI,ap1422
GAO QIAN,ap1423
YANG YU,ap1424
COOK ETHAN,ap1425
DU XIAOTONG,ap1426
YANG CHUNHUA,ap1427
CHANG JIN,ap1428
MA JUN,ap1429
VIEJO DARIO,ap1430
XU JIN,ap1431
BALL BARRY X,ap1432
WANG LIKE,ap1433
LI ZHAODONG,ap1434
JIANG ZHENXIN,ap1435
SONG KAIQIANG,ap1436
WU DEBIN,ap1437
PEPPERSTEIN PAVEL,ap1438
PIVI PAOLA,ap1439
ZIEGLER TOBY,ap1440
ZHANG WEI,ap1441
ZHAO MENGGE,ap1442
ETEMADI PARVANEH,ap1443
FENG GUODONG,ap1444
DENG GUOYUAN,ap1445
CAVE NICK,ap1446
WANG HUAXIANG,ap1447
KONG WEIKE,ap1448
KRUGLYANSKAYA ELLA,ap1449
GERRARD JOHN,ap1450
KOSHLYAKOV VALERY NIKOLAEVICH,ap1451
AHMAD AWANG DAMIT,ap1452
DONG XIYUAN,ap1453
BASS MATH,ap1454
LEONILSON JOSÉ,ap1455
WEI LIGANG,ap1456
PENG LIANXI,ap1457
TUAZON OSCAR,ap1458
KANG YO BAE,ap1459
SUCCO CHRIS,ap1460
XIN TIAN,ap1461
WANG ZHONGJUN,ap1462
TJAKAMARRA MICHAEL NELSON,ap1463
WEISHAN WU,ap1464
SHAOJIAO HE,ap1465
MCKENZIE LUCY,ap1466
ALVIN JOHN,ap1467
GALLO GIUSEPPE,ap1468
WANG YI,ap1469
KNIGHT NICK,ap1470
WANG YUYANG,ap1471
CHENG XIANGJUN,ap1472
LIN MAO,ap1473
FIDDIAN-GREEN NIC,ap1474
FALDBAKKEN MATIAS,ap1475
YANG YANG,ap1476
LEVINE CHRIS,ap1477
ROBINETTE DANNY,ap1478
MAOYUAN YANG,ap1479
YUAN SHI,ap1480
QUAN LIANG,ap1481
SHANZHUAN WU,ap1482
XUE HAITAO,ap1483
CUI ZIMO,ap1484
CURRIE KEN,ap1485
LAP SZETO,ap1486
CONNORS MATT,ap1487
HYUNG-KOO KANG,ap1488
OH SE YEOL,ap1489
CALUBAYAN BUEN,ap1490
DODGE TOMORY,ap1491
SIOPIS PENNY,ap1492
SU SHISHU,ap1493
GIBRAT JEAN-PIERRE,ap1494
WRIGHTSON BERNIE,ap1495
GHANI YUSOF,ap1496
TIANDE WANG,ap1497
COLEMAN MICHAEL,ap1498
HERRERO FEDERICO,ap1499
WILLIAMS CHRISTOPHER,ap1500
SCOTT IAN,ap1501
LEDROIT OLIVIER,ap1502
DOLLA NOËL,ap1503
TCHINAI KYOSUKE,ap1504
BROWN NIGEL,ap1505
BROMLEY DAVID,ap1506
Han Binsheng (B. 1966),ap1507
Jia Chang (B. 1981),ap1508
Ji Zhongliang (B. 1964),ap1509
Philippe Parreno (B. 1964),ap1510
General Idea (1969-1994),ap1511
Los Carpinteros (B. 1991),ap1512
Emily Young (B. 1951),ap1513
Jimnez Deredia (B. 1954),ap1514
Wu Changfu (B. 1962),ap1515
Xu Qingfeng (B. 1972),ap1516
Federico Diaz (B. 1971),ap1517
Chen Tao (B. 1970),ap1518
Foncky-Two (B. 1977),ap1519
Gede Mahendra Yasa (B. 1967),ap1520
Xu Huijun (B. 1973),ap1521
Kochinian Hovik (B. 1953),ap1522
You Jin (B. 1979),ap1523
Ye Shanming (B. 1986),ap1524
Dondi White (1961-1998),ap1525
Wei Ershen (B. 1956),ap1526
Lesley Vance (B. 1977),ap1527
Wu Lan (B. 1962),ap1528
Toms Sanchez (B. 1948),ap1529
Ibrahim Mahama (B. 1987),ap1530
Leonid Purygin (1951-1995),ap1531
Hiroshi Furuyoshi (B. 1959),ap1532
Pacita Barsana Abad (1946-2004),ap1533
Hung Yi (B. 1970),ap1534
Wen Wei (B. 1976),ap1535
Ye Alin (B. 1958),ap1536
Joaqun Torrents Llado (1946-1993),ap1537
Ralph Fleck (B. 1951),ap1538
Allen Maddox (1948-2000),ap1539
Anthony Poon (1945-2006),ap1540
Koen Van Den Broek (B. 1973),ap1541
Richard Aldrich (B. 1975),ap1542
Jennifer Lee (B. 1956),ap1543
Ana Miralles (B. 1959),ap1544
Li Xuegong (B. 1962),ap1545
Zhang Yan (B. 1963),ap1546
Tang Yao (B. 1961),ap1547
Tong Hongsheng (B. 1967),ap1548
Huang Yong (B. 1965),ap1549
Wang Jinming (B. 1961),ap1550
Chen Lianfu (B. 1956),ap1551
Margaret Kilgallen (1967-2001),ap1552
Wang Gongxin (B. 1960),ap1553
Arturo Di Modica (B. 1960),ap1554
Wang Rong (B. 1965),ap1555
Carlos José Alfonzo (1950-1991),ap1556
Ma Dongmin (B. 1968),ap1557
Yang Naimin (B. 1966),ap1558
Zhu Fapeng (B. 1958),ap1559
Chen Yan Ning (B. 1945),ap1560
Sun Hao (B. 1980),ap1561
"Y,Z, Kami (B. 1956)",ap1562
Tomma Abts (B. 1967),ap1563
Catherine Opie (B. 1961),ap1564
Zhang Chuanju (B. 1951),ap1565
Wang Hongzheng (B. 1971),ap1566
Stephen Hannock (B. 1951),ap1567
Cao Xiaodong (B. 1961),ap1568
Xie Chuyu (B. 1962),ap1569
Feng Bing (B. 1952),ap1570
Huma Bhabha (B. 1962),ap1571
The Haas Brothers (B. 1984),ap1572
Abdulrahman Al Soliman (B. 1954),ap1573
Ren Zhe (B. 1983),ap1574
Fabienne Verdier (B. 1962),ap1575
Huang Ming-Chang (B. 1952),ap1576
Lu Shuangxi (B. 1971),ap1577
Angus Fairhurst (1966-2008),ap1578
Secundino Hernandez (B. 1975),ap1579
Sarah Crowner (B. 1974),ap1580
Ichwan Noor (B. 1963),ap1581
Carole Feuerman (B. 1945),ap1582
David Yarrow (B. 1966),ap1583
Shio Kusaka (B. 1972),ap1584
Arin Dwihartanto Sunaryo (B. 1978),ap1585
Walid Ra'ad (B. 1967),ap1586
Wang Xiaohui (B. 1958),ap1587
Zhou Zhijiang (B. 1950),ap1588
Cai Maoyou (B. 1963),ap1589
Shen Fuxin (B. 1948),ap1590
"Stanley W, Casselman (B. 1963)",ap1591
Rachel Howard (B. 1969),ap1592
Woolga Choi (B. 1955),ap1593
Anne Collier (B. 1970),ap1594
James Rizzi (1950-2011),ap1595
Jr (B. 1983),ap1596
Pieter Hugo (B. 1976),ap1597
Beeple (B. 1981),ap1598
Larva Labs (B. 2005),ap1599
Pak (Xx-Xxi),ap1600
Matthew Wong (1984-2019),ap1601
Mad Dog Jones (B. 1985),ap1602
Liang Hao (B. 1960),ap1603
Jiang Guohua (B. 1954),ap1604
Emily Mae Smith (B. 1979),ap1605
Kevin Mccoy (B. 1967),ap1606
Flora Yukhnovich (B. 1990),ap1607
Amoako Boafo (B. 1984),ap1608
Javier Calleja (B. 1971),ap1609
Titus Kaphar (B. 1976),ap1610
Mr Doodle (B. 1994),ap1611
Xueshan Jingyan (B. 1961),ap1612
Don Diablo (B. 1980),ap1613
Salman Toor (B. 1983),ap1614
Claire Tabouret (B. 1981),ap1615
Wang Guowei (B. 1958),ap1616
Sarah Sze (B. 1969),ap1617
Jadé Fadojutimi (B. 1993),ap1618
Michael Armitage (B. 1984),ap1619
Genieve Figgis (B. 1972),ap1620
Wang Jiubin (B. 1965),ap1621
Magdalene Odundo (B. 1950),ap1622
Hajime Sorayama (B. 1947),ap1623
Yu Guiyuan (B. 1963),ap1624
Liang Xueqin (B. 1948),ap1625
Lucas Arruda (B. 1983),ap1626
Kudzanai-Violet Hwami (B. 1993),ap1627
Tatsuhiro Ide (B. 1984),ap1628
Robert Alice (B. 1992),ap1629
Fewocious (B. 2003),ap1630
Julie Curtiss (B. 1982),ap1631
Zhao Cheng (B. 1967),ap1632
Xiong Ming (B. 1965),ap1633
Tomokazu Matsuyama (B. 1976),ap1634
Wahed Khakdan (B. 1950),ap1635
Barry X Ball (B. 1955),ap1636
Jamian Juliano-Villani (B. 1987),ap1637
Simone Leigh (B. 1968),ap1638
Ranya Sarakbi (B. 1973),ap1639
Firenze Lai (B. 1984),ap1640
Shahriar Ahmadi (B. 1979),ap1641
Cinga Samson (B. 1986),ap1642
Xcopy (B. 1981),ap1643
Bård Breivik (1948-2016),ap1644
Yukimasa Ida (B. 1990),ap1645
Issy Wood (B. 1993),ap1646
Zena Assi (B. 1974),ap1647
Katoh Gizan (B. 1968),ap1648
Robert Nava (B. 1985),ap1649
Kyne (B. 1988),ap1650
Shan Fan (B. 1959),ap1651
Ding Yuanzhi (B. 1957),ap1652
Sanya Kantarovsky (B. 1982),ap1653
Joel Mesler (B. 1974),ap1654
Jordan Wolfson (B. 1980),ap1655
Allison Zuckerman (B. 1990),ap1656
Derrick Adams (B. 1970),ap1657
Otis Kwame Kye Quaicoe (B. 1990),ap1658
Gully (B. 1977),ap1659
Jonathan Chapline (B. 1987),ap1660
Chiharu Shiota (B. 1972),ap1661
Vaughn Spann (B. 1992),ap1662
Alex Gardner (B. 1987),ap1663
Chris Huen (B. 1991),ap1664
Matteo Pugliese (B. 1969),ap1665
Daniel Arsham (B. 1980),ap1666
Tunji Adeniyi-Jones (B. 1992),ap1667
Tracey Moffatt (B. 1960),ap1668
Joy Labinjo (B. 1994),ap1669
Jammie Holmes (B. 1984),ap1670
Jean-Marie Pigeon (B. 1951),ap1671
Piotr Uklanski (B. 1968),ap1672
Huang Benrui (B. 1959),ap1673
Chen Kezhi (B. 1961),ap1674
Noah Davis (1983-2015),ap1675
Eddy Ilunga Kamuanga (B. 1991),ap1676
Brian Calvin (B. 1969),ap1677
Hubert Le Gall (B. 1961),ap1678
Ewa Juszkiewicz (B. 1984),ap1679
Liu Fengzhi (1964-2017),ap1680
Timur Petrovich Novikov (1958-2002),ap1681
Chant Avedissian (1951-2018),ap1682
Miwa Komatsu (B. 1984),ap1683
Jacek Yerka (B. 1952),ap1684
Meguru Yamaguchi (B. 1984),ap1685
Kou Kerang (B. 1968),ap1686
Erik Parker (B. 1968),ap1687
Joseph Ntensibe (B. 1954),ap1688
Jamil Molaeb (B. 1948),ap1689
Godwin Champs Namuyimba (B. 1989),ap1690
Edgar Plans (B. 1977),ap1691
He Xiangyu (B. 1986),ap1692
Valery Nikolaevich Koshlyakov (B. 1962),ap1693
Josh Sperling (B. 1984),ap1694
Leiko Ikemura (B. 1951),ap1695
Zhou Fengjun (B. 1955),ap1696
Merab Guramovich Abramishvili (1957-2006),ap1697
Yusuke Hanai (B. 1978),ap1698
Hebru Brantley (B. 1981),ap1699
Ye Maozhong (B. 1966),ap1700
Alicja Kwade (B. 1979),ap1701
Ida Ekblad (B. 1980),ap1702
Manny Emmanuel Garibay (B. 1962),ap1703
Peter Schuyff (B. 1958),ap1704
Romulo Galicano (B. 1945),ap1705
Alec Monopoly (B. 1986),ap1706
Zhang Zhenqi (B. 1948),ap1707
Yoshimasa Tsuchiya (B. 1977),ap1708
Young Wook Choi (B. 1964),ap1709
Fiona Pardington (B. 1961),ap1710
Christian Astuguevieille (B. 1946),ap1711
Tomasz Setowski (B. 1961),ap1712
David Shrigley (B. 1968),ap1713
Pierre Le-Tan (1950-2019),ap1714
